"행정구역(시군구)별",2010,2010,2010,2010,2010,2010,2010,2010,2011,2011,2011,2011,2011,2011,2011,2011,2012,2012,2012,2012,2012,2012,2012,2012,2013,2013,2013,2013,2013,2013,2013,2013,2014,2014,2014,2014,2014,2014,2014,2014,2015,2015,2015,2015,2015,2015,2015,2015,2016,2016,2016,2016,2016,2016,2016,2016,2017,2017,2017,2017,2017,2017,2017,2017,2018,2018,2018,2018,2018,2018,2018,2018,2019,2019,2019,2019,2019,2019,2019,2019,2020,2020,2020,2020,2020,2020,2020,2020,2021,2021,2021,2021,2021,2021,2021,2021
"행정구역(시군구)별",총전입 (명),총전출 (명),순이동 (명),시도내이동-시군구내 (명),시도내이동-시군구간 전입 (명),시도내이동-시군구간 전출 (명),시도간전입 (명),시도간전출 (명),총전입 (명),총전출 (명),순이동 (명),시도내이동-시군구내 (명),시도내이동-시군구간 전입 (명),시도내이동-시군구간 전출 (명),시도간전입 (명),시도간전출 (명),총전입 (명),총전출 (명),순이동 (명),시도내이동-시군구내 (명),시도내이동-시군구간 전입 (명),시도내이동-시군구간 전출 (명),시도간전입 (명),시도간전출 (명),총전입 (명),총전출 (명),순이동 (명),시도내이동-시군구내 (명),시도내이동-시군구간 전입 (명),시도내이동-시군구간 전출 (명),시도간전입 (명),시도간전출 (명),총전입 (명),총전출 (명),순이동 (명),시도내이동-시군구내 (명),시도내이동-시군구간 전입 (명),시도내이동-시군구간 전출 (명),시도간전입 (명),시도간전출 (명),총전입 (명),총전출 (명),순이동 (명),시도내이동-시군구내 (명),시도내이동-시군구간 전입 (명),시도내이동-시군구간 전출 (명),시도간전입 (명),시도간전출 (명),총전입 (명),총전출 (명),순이동 (명),시도내이동-시군구내 (명),시도내이동-시군구간 전입 (명),시도내이동-시군구간 전출 (명),시도간전입 (명),시도간전출 (명),총전입 (명),총전출 (명),순이동 (명),시도내이동-시군구내 (명),시도내이동-시군구간 전입 (명),시도내이동-시군구간 전출 (명),시도간전입 (명),시도간전출 (명),총전입 (명),총전출 (명),순이동 (명),시도내이동-시군구내 (명),시도내이동-시군구간 전입 (명),시도내이동-시군구간 전출 (명),시도간전입 (명),시도간전출 (명),총전입 (명),총전출 (명),순이동 (명),시도내이동-시군구내 (명),시도내이동-시군구간 전입 (명),시도내이동-시군구간 전출 (명),시도간전입 (명),시도간전출 (명),총전입 (명),총전출 (명),순이동 (명),시도내이동-시군구내 (명),시도내이동-시군구간 전입 (명),시도내이동-시군구간 전출 (명),시도간전입 (명),시도간전출 (명),총전입 (명),총전출 (명),순이동 (명),시도내이동-시군구내 (명),시도내이동-시군구간 전입 (명),시도내이동-시군구간 전출 (명),시도간전입 (명),시도간전출 (명)
"서울특별시",1733015,1848038,-115023,520345,679363,679363,533307,648330,1721748,1834806,-113058,543807,671315,671315,506626,619684,1555281,1658928,-103647,473458,595842,595842,485981,589628,1520090,1620640,-100550,468394,584614,584614,467082,567632,1573594,1661425,-87831,495401,602622,602622,475571,563402,1589431,1726687,-137256,524267,605262,605262,459902,597158,1515602,1655859,-140257,487722,574193,574193,453687,593944,1472937,1571423,-98486,454536,564271,564271,454130,552616,1439707,1549937,-110230,430780,548796,548796,460131,570361,1426493,1476081,-49588,406796,543831,543831,475866,525454,1578127,1642977,-64850,444682,623431,623431,510014,574864,1418187,1524430,-106243,387416,569648,569648,461123,567366
"종로구",29208,32928,-3720,5703,14256,17822,9249,9403,28329,30663,-2334,5551,14089,16214,8689,8898,26001,29398,-3397,4935,12530,15681,8536,8782,24676,30007,-5331,4921,11803,16405,7952,8681,24191,27484,-3293,4507,11243,14657,8441,8320,24951,27470,-2519,4617,11846,14426,8488,8427,23604,26386,-2782,4145,11135,13913,8324,8328,28020,25814,2206,4512,14610,13178,8898,8124,23187,24798,-1611,3807,11098,12793,8282,8198,22271,23945,-1674,3443,10560,12982,8268,7520,23632,25254,-1622,3355,11704,13881,8573,8018,22204,24428,-2224,3223,11004,13008,7977,8197
"중구",23524,24766,-1242,4296,12336,13273,6892,7197,23613,23618,-5,4383,12710,12349,6520,6886,24872,25198,-326,4832,13064,13252,6976,7114,19191,22508,-3317,3608,9623,12152,5960,6748,20105,22972,-2867,3967,10018,12323,6120,6682,20078,22950,-2872,4070,10073,12126,5935,6754,20595,21655,-1060,3844,10582,11618,6169,6193,20904,20574,330,3338,11189,11319,6377,5917,20771,20873,-102,3424,10733,11100,6614,6349,19623,19384,239,3191,9912,10464,6520,5729,20777,21733,-956,3290,10760,11997,6727,6446,19917,21126,-1209,3015,10378,11274,6524,6837
"용산구",40673,44770,-4097,9341,18295,20165,13037,15264,45054,44509,545,10048,20960,19444,14046,15017,36702,41248,-4546,8504,16106,18001,12092,14743,34935,39623,-4688,8140,15304,17614,11491,13869,35618,40635,-5017,8454,15452,18266,11712,13915,37064,41361,-4297,9049,16549,18532,11466,13780,34124,38615,-4491,7881,14917,17371,11326,13363,35154,36622,-1468,7302,16054,16866,11798,12454,37339,37801,-462,7853,16999,16873,12487,13075,35099,35673,-574,6998,15746,16435,12355,12240,40282,38985,1297,7599,19374,18523,13309,12863,36011,39572,-3561,7113,16799,18922,12099,13537
"성동구",46630,52843,-6213,11055,21479,24862,14096,16926,46631,56542,-9911,13129,20378,26901,13124,16512,48010,50610,-2600,12882,21433,22444,13695,15284,45399,47356,-1957,11302,21032,21460,13065,14594,46521,51349,-4828,12336,21559,23717,12626,15296,48105,49091,-986,12008,23324,21935,12773,15148,47629,46986,643,11320,23322,20542,12987,15124,50416,46031,4385,11151,25046,20756,14219,14124,51358,49012,2346,12243,24275,22031,14840,14738,39922,48102,-8180,8737,17927,24606,13258,14759,45153,53096,-7943,10312,20969,26826,13872,15958,39831,46075,-6244,7867,19106,22939,12858,15269
"광진구",63624,69973,-6349,18517,24714,26928,20393,24528,62574,68014,-5440,18762,24587,26394,19225,22858,58688,61194,-2506,17181,22632,22889,18875,21124,56235,60597,-4362,16772,21261,23081,18202,20744,56778,64189,-7411,18540,20616,24713,17622,20936,58871,63920,-5049,18401,22949,23570,17521,21949,55362,60446,-5084,16943,21257,21770,17162,21733,56010,56647,-637,16364,22011,20936,17635,19347,55728,58774,-3046,17036,21274,21447,17418,20291,52191,57088,-4897,14861,19378,22499,17952,19728,55926,60703,-4777,15474,21585,24944,18867,20285,51522,56750,-5228,13736,20048,22708,17738,20306
"동대문구",57780,61558,-3778,15897,24186,25651,17697,20010,57586,60047,-2461,16392,24043,24460,17151,19195,51643,54915,-3272,13798,20956,22422,16889,18695,56066,56084,-18,16464,22709,21505,16893,18115,57915,59658,-1743,18216,23219,22990,16480,18452,55990,60917,-4927,17367,22257,23826,16366,19724,49591,55622,-6031,14207,19652,22181,15732,19234,47899,52733,-4834,13489,18879,21618,15531,17626,54899,57605,-2706,15918,21820,22741,17161,18946,51660,53660,-2000,14093,20655,22474,16912,17093,54908,58135,-3227,14233,22290,24953,18385,18949,48955,51031,-2076,10881,20389,21435,17685,18715
"중랑구",69532,75310,-5778,27296,24441,22713,17795,25301,65150,70397,-5247,25683,22676,22123,16791,22591,60157,66109,-5952,23447,20288,20098,16422,22564,61677,65539,-3862,24314,21331,19517,16032,21708,69157,68497,660,27759,25390,19459,16008,21279,64638,71284,-6646,27773,22351,20339,14514,23172,60566,64823,-4257,24608,21351,17417,14607,22798,56385,59947,-3562,22111,20569,16619,13705,21217,54168,59616,-5448,20671,19406,16476,14091,22469,49446,55932,-6486,18412,17726,17050,13308,20470,60214,62212,-1998,22003,23717,18719,14494,21490,52867,57957,-5090,19004,20585,17493,13278,21460
"성북구",83641,81163,2478,23690,37780,33684,22171,23789,74040,80006,-5966,22231,31945,33992,19864,23783,67929,73180,-5251,19958,28461,30263,19510,22959,64081,71262,-7181,19260,26903,29945,17918,22057,65082,76521,-11439,20926,26278,32828,17878,22767,66804,76213,-9409,22463,26805,31240,17536,22510,60000,70396,-10396,19693,23758,29144,16549,21559,61285,68221,-6936,20294,24663,27925,16328,20002,57147,65477,-8330,17850,22849,26886,16448,20741,67841,61169,6672,18649,30436,24257,18756,18263,62953,68231,-5278,17857,26351,29471,18745,20903,59054,62394,-3340,15232,26196,26356,17626,20806
"강북구",57460,58668,-1208,18785,25668,23660,13007,16223,53688,56152,-2464,17960,23637,22271,12091,15921,50417,53255,-2838,16987,21335,20872,12095,15396,47329,52704,-5375,16985,19800,20864,10544,14855,48224,52641,-4417,17353,20550,20587,10321,14701,47491,52240,-4749,17050,20125,20424,10316,14766,44791,48947,-4156,15955,18876,18777,9960,14215,42231,44809,-2578,14164,18237,17229,9830,13416,40941,45800,-4859,14384,16708,17345,9849,14071,38046,42622,-4576,12253,15927,17706,9866,12663,41625,46656,-5031,13264,18126,18992,10235,14400,37057,42961,-5904,12081,15985,17098,8991,13782
"도봉구",53589,61207,-7618,17662,21366,23646,14561,19899,54372,58382,-4010,18544,22182,21650,13646,18188,48249,52887,-4638,16299,19418,18944,12532,17644,47956,52619,-4663,16791,19119,18737,12046,17091,45658,51552,-5894,16128,18121,18276,11409,17148,48961,52460,-3499,17450,20163,17754,11348,17256,44836,48607,-3771,15745,18310,16231,10781,16631,40965,45260,-4295,13548,16966,15818,10451,15894,39518,44213,-4695,13353,16245,14959,9920,15901,35445,41225,-5780,11370,14573,15080,9502,14775,40435,47892,-7457,13305,17053,17260,10077,17327,36895,42682,-5787,11844,15678,15237,9373,15601
"노원구",84687,92813,-8126,26361,32611,33218,25715,33234,82094,91939,-9845,27960,30442,32666,23692,31313,75404,84716,-9312,24519,28016,27918,22869,32279,74362,83460,-9098,25535,27219,26905,21608,31020,73503,83748,-10245,25915,26388,27796,21200,30037,73528,83672,-10144,26191,26958,26038,20379,31443,72249,81176,-8927,26140,25665,24363,20444,30673,64406,78488,-14082,23570,21744,25639,19092,29279,61867,72748,-10881,20348,22309,22561,19210,29839,57183,68095,-10912,18216,20083,23167,18884,26712,68176,77707,-9531,23390,24801,25592,19985,28725,58736,68473,-9737,18539,22295,22981,17902,26953
"은평구",99486,87400,12086,37527,36710,21492,25249,28381,88184,84656,3528,36143,29619,20945,22422,27568,82891,77208,5683,30714,30217,19484,21960,27010,77427,77311,116,29618,27168,19325,20641,28368,73950,80850,-6900,30549,23395,20600,20006,29701,82375,85329,-2954,34346,27880,20433,20149,30550,74864,82925,-8061,33453,23255,20740,18156,28732,68402,73637,-5235,27968,22431,18672,18003,26997,67489,71519,-4030,26823,22289,17178,18377,27518,69399,72721,-3322,27569,22588,17515,19242,27637,76364,76165,199,27771,27369,19373,21224,29021,63269,66951,-3682,22712,22585,17449,17972,26790
"서대문구",50156,61119,-10963,12894,21373,29348,15889,18877,48068,58502,-10434,12960,20221,27357,14887,18185,50685,51250,-565,12212,22911,22428,15562,16610,47645,49668,-2023,11666,21247,21308,14732,16694,45088,49817,-4729,11251,19217,21795,14620,16771,55729,55165,564,15178,24763,22764,15788,17223,55152,54236,916,14917,24253,21666,15982,17653,48534,50286,-1752,11716,21699,22362,15119,16208,45861,48484,-2623,11158,19492,20742,15211,16584,45729,46677,-948,10070,19646,20288,16013,16319,56504,53579,2925,12499,25780,23620,18225,17460,42484,47061,-4577,8262,18595,21779,15627,17020
"마포구",75393,76441,-1048,20885,33130,30725,21378,24831,70011,74510,-4499,20053,29312,30025,20646,24432,60874,67554,-6680,16765,24267,27848,19842,22941,60331,65135,-4804,16445,24529,26637,19357,22053,68853,67146,1707,18941,28596,26208,21316,21997,71484,72254,-770,20023,30118,29185,21343,23046,62642,72793,-10151,18248,24297,31508,20097,23037,57490,63689,-6199,14608,23249,28404,19633,20677,60227,61071,-844,14817,24582,25393,20828,20861,57766,59573,-1807,13553,23286,25731,20927,20289,66215,68667,-2452,15705,27864,30927,22646,22035,61543,62124,-581,13751,26924,26899,20868,21474
"양천구",75105,84099,-8994,24256,29024,31040,21825,28803,81691,83464,-1773,27076,34034,29650,20581,26738,65512,71946,-6434,21433,25411,25071,18668,25442,63005,68505,-5500,20157,25257,24905,17591,23443,62502,70772,-8270,19751,25270,28531,17481,22490,66589,70624,-4035,21529,27206,25927,17854,23168,65385,74404,-9019,24067,25381,26513,15937,23824,54797,62729,-7932,17134,22226,23721,15437,21874,54579,62414,-7835,16607,22383,22756,15589,23051,50256,56733,-6477,14024,21068,22060,15164,20649,64081,68021,-3940,19084,27259,25827,17738,23110,54952,60442,-5490,15867,23326,22780,15759,21795
"강서구",91718,100863,-9145,31280,32584,30988,27854,38595,90049,98634,-8585,30910,32404,30173,26735,37551,82623,87711,-5088,27209,29804,25160,25610,35342,84702,86246,-1544,28785,30372,24236,25545,33225,109436,96548,12888,39586,41642,24225,28208,32737,94604,94501,103,33798,33645,25985,27161,34718,95852,93011,2841,33063,35464,24866,27325,35082,90217,86483,3734,28946,32381,23318,28890,34219,83699,90281,-6582,26562,28883,24894,28254,38825,78518,85057,-6539,24729,26068,25354,27721,34974,87198,99573,-12375,27937,29883,29855,29378,41781,87269,91368,-4099,28004,31430,25250,27835,38114
"구로구",63011,69935,-6924,15824,23408,21730,23779,32381,72945,72658,287,19588,29051,21606,24306,31464,59003,62428,-3425,15278,21133,19467,22592,27683,56381,62188,-5807,14891,19733,19885,21757,27412,62804,65025,-2221,17625,21991,20613,23188,26787,57099,64052,-6953,16414,19681,19671,21004,27967,54368,61558,-7190,14722,19444,19205,20202,27631,50077,58672,-8595,13395,17035,18527,19647,26750,51108,58543,-7435,13516,18279,17607,19313,27420,54791,53666,1125,12486,20568,17069,21737,24111,60885,64024,-3139,14660,20745,21172,25480,28192,48170,54880,-6710,11292,18189,17645,18689,25943
"금천구",37595,43034,-5439,11144,12195,10883,14256,21007,40140,43017,-2877,12856,12628,11383,14656,18778,36640,37818,-1178,11338,11140,10060,14162,16420,34966,38174,-3208,11885,10024,10247,13057,16042,33510,37071,-3561,11160,9650,10054,12700,15857,34056,37303,-3247,11341,10463,9633,12252,16329,34870,36528,-1658,11451,11013,9369,12406,15708,34230,34907,-677,10288,10988,8764,12954,15855,33794,35508,-1714,9958,11073,8692,12763,16858,32416,33728,-1312,8757,10559,9172,13100,15799,35753,36963,-1210,9476,11899,10542,14378,16945,35663,35047,616,8884,12626,9594,14153,16569
"영등포구",66644,75966,-9322,16966,27301,31105,22377,27895,65477,77778,-12301,18008,25926,32058,21543,27712,57623,66140,-8517,13659,23137,26563,20827,25918,57690,65125,-7435,14267,23101,26660,20322,24198,59057,65662,-6605,14231,23818,28084,21008,23347,58936,65678,-6742,14054,24161,27347,20721,24277,61308,71785,-10477,17380,23422,29393,20506,25012,62622,66039,-3417,15910,25762,27019,20950,23110,59862,62108,-2246,13239,24622,25540,22001,23329,56874,58253,-1379,11478,23115,25229,22281,21546,79309,68526,10783,17224,36063,28497,26022,22805,60565,61108,-543,11395,26801,26255,22369,23458
"동작구",70829,74307,-3478,15987,31217,31003,23625,27317,70217,73726,-3509,16168,31395,31393,22654,26165,68660,66673,1987,15148,30753,26598,22759,24927,70907,67868,3039,15558,32277,27796,23072,24514,63291,69117,-5826,14929,26638,29558,21724,24630,66694,76096,-9402,17787,27910,31565,20997,26744,66425,68243,-1818,15963,29101,27605,21361,24675,60949,66978,-6029,14741,25321,28015,20887,24222,65099,66105,-1006,14489,28822,26972,21788,24644,61168,62047,-879,13135,25706,26513,22327,22399,64496,69650,-5154,13784,27698,32236,23014,23630,64257,68311,-4054,13934,28111,29136,22212,25241
"관악구",100901,110153,-9252,28114,33027,37890,39760,44149,97502,105431,-7929,26864,32313,37536,38325,41031,92666,98563,-5897,25911,28863,33940,37892,38712,89789,97304,-7515,25624,28044,33734,36121,37946,90987,98182,-7195,26344,28127,34262,36516,37576,94590,100724,-6134,29534,29383,32946,35673,38244,91198,96179,-4981,26502,28095,32592,36601,37085,90303,94943,-4640,26604,26843,32178,36856,36161,94403,96477,-2074,26397,28415,32225,39591,37855,93583,95788,-2205,26502,27024,33368,40057,35918,98301,103226,-4925,27197,29962,37731,41142,38298,89756,95711,-5955,23003,28513,34274,38240,38434
"서초구",80612,80944,-332,19807,35653,32787,25152,28350,78798,82637,-3839,20716,34698,34555,23384,27366,73029,74371,-1342,18307,32630,30716,22092,25348,80562,76974,3588,21145,37194,31585,22223,24244,79323,74512,4811,20539,36020,30348,22764,23625,76543,83320,-6777,22715,32933,34364,20895,26241,71136,74319,-3183,19100,30999,30075,21037,25144,68680,76574,-7894,20152,28160,32193,20368,24229,74658,83489,-8831,24245,29695,34480,20718,24764,63335,67634,-4299,16198,26537,29655,20600,21781,71250,77669,-6419,19374,30117,34269,21759,24026,70064,81777,-11713,21088,29154,35450,19822,25239
"강남구",110126,114915,-4789,31654,41322,42817,37150,40444,113315,120534,-7219,36421,42628,45082,34266,39031,97038,101358,-4320,27231,37568,38156,32239,35971,96256,100020,-3764,27690,37289,37181,31277,35149,115906,104412,11494,32264,47888,37696,35754,34452,108537,114523,-5986,34336,40957,41754,33244,38433,95358,108949,-13591,29827,34525,40474,31006,38648,90474,103367,-12893,28057,33068,40280,29349,35030,91611,106802,-15191,28824,32819,42305,29968,35673,95557,93716,1841,25921,37000,37362,32636,30433,95325,101582,-6257,26024,36333,42554,32968,33004,94082,98106,-4024,25525,37476,39174,31081,33407
"송파구",117420,126686,-9266,41775,39442,39223,36203,45688,117663,124898,-7235,44125,40095,38193,33443,42580,106747,120232,-13485,42815,33215,35531,30717,41886,99953,108855,-8902,37469,32343,33125,30141,38261,99723,107490,-7767,35426,32954,35029,31343,37035,101994,111346,-9352,39136,34340,31936,28518,40274,105735,112735,-7000,37505,36782,29011,31448,46219,110872,107154,3718,37182,40957,30710,32733,39262,101060,101486,-426,33018,36128,28508,31914,39960,123273,116301,6972,44397,41824,32620,37052,39284,106928,116457,-9529,35767,36313,38141,34848,42549,105181,113651,-8470,33451,38244,36374,33486,43826
"강동구",83671,86177,-2506,33629,25845,22710,24197,29838,94557,94092,465,41276,29342,22895,23939,29921,73218,82966,-9748,32096,20554,22036,20568,28834,68569,75508,-6939,29102,19932,19805,19535,26601,66412,75575,-9163,28704,18582,20007,19126,26864,73720,94194,-20474,37637,18422,21542,17661,35015,67962,84535,-16573,31043,19337,17849,17582,35643,81615,90819,-9204,37992,24183,22205,19440,30622,59334,68933,-9599,24240,17598,16292,17496,28401,75101,67292,7809,27754,25919,15175,21428,24363,101437,78271,23166,34098,39416,17529,27923,26644,77883,74444,3439,27713,29211,18138,20959,28593
"경기도",2168820,2026383,142437,834147,601122,601122,733551,591114,2062422,1986623,75799,832888,554918,554918,674616,598817,1944962,1862209,82753,766080,528485,528485,650397,567644,1895434,1821303,74131,767618,506877,506877,620939,546808,1891775,1834379,57396,769180,505892,505892,616703,559307,1993080,1898312,94768,816014,530250,530250,646816,552048,1958593,1824976,133617,785160,515941,515941,657492,523875,1888324,1772162,116162,740434,518753,518753,629137,512975,2041715,1871621,170094,788471,578031,578031,675213,505119,1940962,1806296,134666,744143,557565,557565,639254,504588,2152572,1984199,168373,842504,605557,605557,704511,536138,2036215,1885698,150517,779725,586091,586091,670399,519882
"수원시",184402,197102,-12700,88288,46784,64646,49330,44168,202035,198070,3965,101482,53152,53061,47401,43527,200113,175865,24248,90367,60301,44916,49445,40582,195500,175214,20286,90190,58012,45654,47298,39370,196453,178195,18258,88697,58787,46261,48969,43237,189637,187775,1862,88303,53042,56952,48292,42520,172210,169975,2235,78344,47232,51922,46634,39709,177059,173747,3312,81027,49412,54459,46620,38261,187806,193564,-5758,90347,50395,64734,47064,38483,173336,184404,-11068,82194,46339,64325,44803,37885,168204,179518,-11314,78052,46163,62091,43989,39375,183258,185355,-2097,85925,51202,60481,46131,38949
"성남시",182500,181707,793,82658,38451,49065,61391,49984,171589,178192,-6603,79482,35541,49248,56566,49462,155354,161703,-6349,70453,32353,46475,52548,44775,162734,167271,-4537,77277,34276,46092,51181,43902,150240,160400,-10160,70014,32715,45091,47511,45295,152980,162050,-9070,69924,32353,48073,50703,44053,174390,176472,-2082,84217,34671,49740,55502,42515,157557,168067,-10510,76666,31816,49030,49075,42371,136911,152445,-15534,61426,30192,52101,45293,38918,126568,139949,-13381,56090,29813,45400,40665,38459,152795,156393,-3598,69155,36300,47061,47340,40177,143716,150568,-6852,65913,34794,46650,43009,38005
"의정부시",65756,73638,-7882,26073,15627,23760,24056,23805,65206,68157,-2951,27747,15000,18094,22459,22316,61489,64359,-2870,26540,14562,17894,20387,19925,65548,65194,354,30312,14377,15329,20859,19553,63021,64298,-1277,27660,14276,16848,21085,19790,66820,65442,1378,29813,14460,16539,22547,19090,65844,62476,3368,29319,14765,15249,21760,17908,66965,64319,2646,30899,14357,16035,21709,17385,66382,61214,5168,28393,14800,15771,23189,17050,64399,59680,4719,27695,14522,15173,22182,16812,78645,68714,9931,34545,16862,16885,27238,17284,64152,59837,4315,25690,14296,17297,24166,16850
"안양시",99331,103748,-4417,39974,28616,37663,30741,26111,91534,101158,-9624,40002,25673,34193,25859,26963,96964,104482,-7518,46405,24969,32298,25590,25779,83335,90199,-6864,35711,23846,30657,23778,23831,81727,91927,-10200,36678,22648,30051,22401,25198,85267,91630,-6363,38444,23480,29378,23343,23808,96112,99367,-3255,46833,26166,30093,23113,22441,84779,96305,-11526,41469,22258,32727,21052,22109,73467,86366,-12899,32530,20182,32926,20755,20910,72368,83715,-11347,32137,20221,31557,20010,20021,79982,97945,-17963,39111,21542,37639,19329,21195,87149,89564,-2415,41002,24518,29341,21629,19221
"부천시",136267,146183,-9916,65336,16602,24613,54329,56234,140599,148558,-7959,69901,17193,21813,53505,56844,124199,131738,-7539,58454,16505,20736,49240,52548,119427,129819,-10392,58811,15156,19787,45460,51221,117954,130320,-12366,59245,14623,20205,44086,50870,123425,133971,-10546,64403,14103,19390,44919,50178,125460,126617,-1157,61753,15726,18736,47981,46128,114426,118129,-3703,55548,15045,19039,43833,43542,113508,122125,-8617,54748,15149,23835,43611,43542,88659,103907,-15248,38844,12640,23176,37175,41887,95110,107685,-12575,37770,15492,27114,41848,42801,83726,94631,-10905,32756,13258,21813,37712,40062
"광명시",87001,63907,23094,33979,14586,10729,38436,19199,68937,60911,8026,28218,11816,11071,28903,21622,52314,54856,-2542,21199,8660,12242,22455,21415,47076,52131,-5055,20387,7370,11298,19319,20446,46176,52908,-6732,20631,7140,11248,18405,21029,44735,50533,-5798,20328,6914,11285,17493,18920,41712,48965,-7253,18640,6432,12849,16640,17476,43201,50901,-7700,19430,7488,13924,16283,17547,45172,51980,-6808,19865,8305,16085,17002,16030,38523,49361,-10838,17162,6988,14704,14373,17495,46812,65102,-18290,23941,8345,18977,14526,22184,38155,43233,-5078,16699,7567,12375,13889,14159
"평택시",67915,67284,631,31316,15791,16888,20808,19080,73419,68298,5121,34627,17824,14689,20968,18982,72433,67639,4794,35371,16683,14060,20379,18208,72028,66705,5323,35920,15730,13243,20378,17542,68508,63401,5107,32660,15491,12670,20357,18071,77256,68863,8393,35438,18438,14109,23380,19316,75179,67162,8017,34397,17297,13797,23485,18968,76783,67836,8947,33342,18294,14207,25147,20287,87850,75069,12781,38476,20850,16562,28524,20031,93713,77676,16037,40658,22764,16560,30291,20458,103098,80080,23018,41876,26480,16780,34742,21424,115345,86968,28377,45854,31717,17726,37774,23388
"동두천시",20437,20368,69,9406,6422,6452,4609,4510,17225,16965,260,7734,5472,5440,4019,3791,17907,17190,717,7987,5934,5284,3986,3919,15920,15718,202,7145,5073,4877,3702,3696,16052,16139,-87,7308,5070,5246,3674,3585,16300,16164,136,7377,5019,4968,3904,3819,16074,15868,206,7393,4964,5060,3717,3415,13422,14439,-1017,6071,4122,5191,3229,3177,13118,13687,-569,5835,4210,4858,3073,2994,11891,13044,-1153,5013,3880,5136,2998,2895,13345,13385,-40,5549,4462,5277,3334,2559,14191,13650,541,5993,4785,4761,3413,2896
"안산시",121052,123514,-2462,59742,29308,33640,32002,30132,119858,124366,-4508,61916,28645,31254,29297,31196,105760,110756,-4996,53865,25457,28302,26438,28589,101514,106974,-5460,52398,24029,27427,25087,27149,98715,108290,-9575,51736,22804,28502,24175,28052,103260,117040,-13780,59250,20689,30242,23321,27548,93537,104617,-11080,52286,19748,27341,21503,24990,78735,92991,-14256,40283,17889,29263,20563,23445,85590,104222,-18632,45946,19443,37264,20201,21012,86724,97273,-10549,46573,20255,30557,19896,20143,117075,114020,3055,66693,27810,26902,22572,20425,88573,90721,-2148,43904,22501,26164,22168,20653
"고양시",174090,174962,-872,77643,29657,42650,66790,54669,173745,166993,6752,77049,30392,38141,66304,51803,157485,152923,4562,68856,28076,36051,60553,48016,171535,154699,16836,77586,29746,30472,64203,46641,166111,154291,11820,75221,28659,32407,62231,46663,176821,160075,16746,80738,29708,31973,66375,47364,158904,150716,8188,73865,26504,30507,58535,46344,139002,139122,-120,63142,23908,30970,51952,45010,144703,143834,869,65766,23941,34862,54996,43206,165154,144065,21089,73675,28866,27843,62613,42547,171708,159355,12353,77554,30065,36041,64089,45760,149815,148549,1266,68029,25832,37008,55954,43512
"과천시",12035,12844,-809,3174,3701,4809,5160,4861,11230,11888,-658,3241,3358,4076,4631,4571,10328,11509,-1181,2948,3043,3887,4337,4674,10181,10997,-816,2901,2981,3714,4299,4382,9925,10662,-737,3033,2951,3400,3941,4229,10037,11563,-1526,3508,2668,3777,3861,4278,10957,16526,-5569,5351,2363,6351,3243,4824,8304,14645,-6341,4086,1787,6079,2431,4480,9496,8919,577,3026,3035,3042,3435,2851,7869,7763,106,1855,3095,3119,2919,2789,15066,10277,4789,4095,6150,3276,4821,2906,21901,11814,10087,5706,8303,3233,7892,2875
"구리시",32709,35471,-2762,11066,9093,13362,12550,11043,31512,34116,-2604,11706,8188,11697,11618,10713,27887,31493,-3606,9892,7956,11336,10039,10265,26991,30646,-3655,10379,7340,10501,9272,9766,25654,29274,-3620,9505,6949,10463,9200,9306,28009,28965,-956,10726,7100,9693,10183,8546,34966,28671,6295,11353,8919,9429,14694,7889,31572,25783,5789,9090,8579,8146,13903,8547,32065,29009,3056,8463,8630,12001,14972,8545,23107,27748,-4641,7011,6418,12285,9678,8452,29851,31794,-1943,11152,7727,11727,10972,8915,24380,29445,-5065,8828,6407,12576,9145,8041
"남양주시",117456,86408,31048,34655,30355,20620,52446,31133,90397,79662,10735,26942,22539,20496,40916,32224,100136,82535,17601,29406,24083,20480,46647,32649,95333,79680,15653,27780,22754,20016,44799,31884,96997,82033,14964,30461,22755,19710,43781,31862,95266,81413,13853,30191,21080,20783,43995,30439,81347,75412,5935,24638,19059,22187,37650,28587,73470,71846,1624,22971,16864,21248,33635,27627,95555,80025,15530,29949,24033,22309,41573,27767,96451,77180,19271,30331,24804,19715,41316,27134,93021,81925,11096,29094,23359,23999,40568,28832,105754,84570,21184,34574,27306,22562,43874,27434
"오산시",52285,32405,19880,11924,28499,12461,11862,8020,41302,32561,8741,11160,19393,12824,10749,8577,33373,29539,3834,8625,14546,12505,10202,8409,33296,30280,3016,10013,14496,12339,8787,7928,30527,29673,854,9346,12627,12451,8554,7876,28913,32629,-3716,8165,12216,16920,8532,7544,27623,27507,116,7391,11697,12769,8535,7347,32136,28682,3454,9535,13809,12209,8792,6938,38577,33151,5426,11695,17353,14492,9529,6964,37051,31725,5326,9632,17952,15140,9467,6953,34691,32145,2546,8968,15958,15898,9765,7279,30911,31029,-118,7288,14307,15958,9316,7783
"시흥시",66949,67738,-789,23023,20932,23219,22994,21496,63480,69262,-5782,24588,19056,21603,19836,23071,57034,61679,-4645,21094,17708,19870,18232,20715,55348,60448,-5100,21997,16588,18789,16763,19662,53651,57972,-4321,20907,16681,17273,16063,19792,61075,59665,1410,24619,19355,16540,17101,18506,56984,54250,2734,21357,18659,15765,16968,17128,69581,54292,15289,23126,25362,15191,21093,15975,87150,59962,27188,27624,31750,16316,27776,16022,85404,62348,23056,28139,29268,17298,27997,16911,98504,73126,25378,33640,33541,20560,31323,18926,73957,64419,9538,25146,23778,19901,25033,19372
"군포시",57140,49615,7525,21202,21999,17319,13939,11094,43004,46231,-3227,16955,14764,17500,11285,11776,39775,42899,-3124,15165,13943,16371,10667,11363,37389,40196,-2807,14629,13287,15445,9473,10122,44952,45388,-436,19480,15586,15282,9886,10626,38538,41817,-3279,15931,13025,15606,9582,10280,35230,39955,-4725,14233,12558,16241,8439,9481,31552,36493,-4941,11975,11940,15414,7637,9104,34479,39776,-5297,14485,11763,17068,8231,8223,35183,37126,-1943,14208,12742,15046,8233,7872,37273,39844,-2571,13983,14636,17404,8654,8457,31293,36433,-5140,11548,11437,16863,8308,8022
"의왕시",27726,23179,4547,4197,15786,13111,7743,5871,25252,23956,1296,5527,13244,12204,6481,6225,25204,21033,4171,4033,14446,11047,6725,5953,26882,22978,3904,5403,14566,11555,6913,6020,20485,22600,-2115,3637,11088,12443,5760,6520,20642,22229,-1587,3849,10957,12117,5836,6263,19970,21604,-1634,3652,11026,12345,5292,5607,18850,20146,-1296,3171,10998,11432,4681,5543,16536,18640,-2104,2871,9242,11035,4423,4734,29540,22595,6945,7989,15635,9830,5916,4776,29486,27047,2439,8306,15504,13335,5676,5406,20685,21075,-390,4269,11070,11586,5346,5220
"하남시",24274,24882,-608,8741,4108,6185,11425,9956,24167,26866,-2699,10185,3897,6267,10085,10414,21424,24058,-2634,8993,3596,5862,8835,9203,19826,21515,-1689,7981,3352,5048,8493,8486,26015,22701,3314,9341,5178,4889,11496,8471,45243,28098,17145,14010,8446,5458,22787,8630,77934,34401,43533,18672,17069,5734,42193,9995,52288,31888,20400,14422,10646,6483,27220,10983,60225,39252,20973,18737,12526,8623,28962,11892,55899,38913,16986,16261,12330,8763,27308,13889,63586,43486,20100,16826,15653,10590,31107,16070,75433,49193,26240,22063,19451,12016,33919,15114
"용인시",178743,152059,26684,62968,57409,45914,58366,43177,164017,151256,12761,59652,51784,46165,52581,45439,157560,144455,13105,56198,49595,46154,51767,42103,159125,139730,19395,56631,52355,43132,50139,39967,159271,145820,13451,58700,50580,44094,49991,43026,159061,150909,8152,57027,49396,49994,52638,43888,148258,138274,9984,50791,46678,46980,50789,40503,142704,133151,9553,48116,46039,45668,48549,39367,177079,148795,28284,60495,60099,48685,56485,39615,163901,140937,22964,55289,55569,46816,53043,38832,167745,155052,12693,60695,54083,52137,52967,42220,156128,153330,2798,56831,50451,54927,48846,41572
"파주시",81782,54537,27245,21283,33168,17247,27331,16007,82072,61062,21010,27113,29570,17394,25389,16555,73676,60611,13065,26165,25654,17396,21857,17050,64913,59621,5292,24720,20359,18464,19834,16437,67889,60336,7553,27313,22107,17446,18469,15577,69427,59670,9757,26601,22601,17555,20225,15514,60355,54888,5467,22846,18440,17030,19069,15012,59087,53354,5733,22436,17797,16081,18854,14837,72642,59695,12947,29412,22365,15834,20865,14449,55949,54574,1375,21536,16585,17989,17828,15049,75882,64593,11289,30971,23006,18125,21905,15497,79477,60852,18625,29989,25653,15894,23835,14969
"이천시",35781,33402,2379,16765,9034,7683,9982,8954,31540,30873,667,14117,8070,7477,9353,9279,30133,31097,-964,13688,7390,7808,9055,9601,28617,29073,-456,12359,7168,7384,9090,9330,28254,29879,-1625,12458,6745,7818,9051,9603,28326,29471,-1145,12313,6821,7104,9192,10054,33122,28556,4566,12828,8022,6679,12272,9049,30655,28461,2194,12694,7616,6726,10345,9041,28630,27972,658,10862,7164,7519,10604,9591,31401,30022,1379,12584,8009,8063,10808,9375,31253,28787,2466,10879,8449,8386,11925,9522,37284,31953,5331,13424,10657,8692,13203,9837
"안성시",32683,27822,4861,11835,10919,8085,9929,7902,28500,26626,1874,10069,9154,8095,9277,8462,27119,27095,24,10216,8118,8432,8785,8447,24496,24608,-112,9348,7225,7510,7923,7750,23402,24234,-832,8982,6751,7378,7669,7874,22766,24968,-2202,8596,6779,9022,7391,7350,29465,27087,2378,12711,8396,7273,8358,7103,22616,22780,-164,8169,6983,7488,7464,7123,28572,27670,902,11839,8212,8821,8521,7010,25597,25663,-66,9837,7795,9021,7965,6805,27891,23902,3989,8980,9292,8010,9619,6912,28351,24992,3359,8972,9903,8703,9476,7317
"김포시",46621,36659,9962,13821,8495,6693,24305,16145,54518,37066,17452,14779,11144,5954,28595,16333,70391,41570,28821,16807,16161,6925,37423,17838,67509,44554,22955,17637,14720,7446,35152,19471,73961,48385,25576,19815,15834,8115,38312,20455,57271,50207,7064,18598,9793,9347,28880,22262,58788,47722,11066,17826,10553,9316,30409,20580,80188,53239,26949,24853,15724,8549,39611,19837,84845,55516,29329,24860,15613,9898,44372,20758,63503,51113,12390,19001,11640,10960,32862,21152,111331,76160,35171,39434,18924,12630,52973,24096,72655,61387,11268,23671,13949,12261,35035,25455
"화성시",101327,95522,5805,30698,44279,42797,26350,22027,93509,89100,4409,28479,39917,38553,25113,22068,82743,79646,3097,25493,33677,33853,23573,20300,76374,76532,-158,23904,30635,33735,21835,18893,81398,75280,6118,25891,32919,30156,22588,19233,144301,93632,50669,48078,65114,26383,31109,19171,120293,81257,39036,35303,53958,25977,31032,19977,129735,84522,45213,36174,60143,28075,33418,20273,170212,107604,62608,49820,80290,35033,40102,22751,168445,116607,51838,52476,76196,39174,39773,24957,155727,119562,36165,49523,66460,43084,39744,26955,153361,124882,28479,51381,63686,45471,38294,28030
"양주시",45134,33321,11813,11388,19094,12124,14652,9809,33273,30847,2426,8249,13302,12320,11722,10278,30149,31087,-938,8148,11632,12848,10369,10091,25478,27411,-1933,6911,9955,11446,8612,9054,31799,29596,2203,9752,12469,11177,9578,8667,30113,27811,2302,8576,11877,10862,9660,8373,26149,26394,-245,7477,9944,11073,8728,7844,33540,27255,6285,9968,13479,9866,10093,7421,32293,27629,4664,9403,12853,10307,10037,7919,33309,27974,5335,10013,12925,10493,10371,7468,38466,30278,8188,11524,15001,10987,11941,7767,34428,27844,6584,9618,13766,10731,11044,7495
"광주시",47093,39198,7895,12406,20186,15515,14501,11277,54174,40376,13798,13798,25090,14385,15286,12193,47598,39013,8585,12139,21131,15086,14328,11788,47866,38598,9268,11847,21906,15249,14113,11502,48207,38135,10072,11476,21988,15006,14743,11653,52978,41394,11584,12885,24189,16389,15904,12120,53804,40652,13152,13145,24963,16258,15696,11249,56822,40232,16590,13624,26552,15270,16646,11338,58486,42087,16399,14003,26451,16480,18032,11604,50192,42534,7658,12086,22122,18386,15984,12062,54712,46135,8577,13766,23982,19706,16964,12663,56359,51263,5096,17639,22587,20397,16133,13227
"포천시",25045,27408,-2363,9604,6977,9372,8464,8432,22547,23388,-841,8150,6928,7531,7469,7707,21195,21761,-566,7531,6682,6951,6982,7279,19625,20612,-987,7062,5830,6850,6733,6700,20193,21002,-809,7096,6241,7221,6856,6685,19329,20015,-686,6597,6021,6949,6711,6469,18181,18538,-357,5902,5796,6348,6483,6288,18547,20065,-1518,6588,5680,7227,6279,6250,18647,20543,-1896,6515,5745,7710,6387,6318,16391,18199,-1808,5091,5143,7154,6157,5954,17883,18315,-432,5660,5797,7202,6426,5453,20818,17903,2915,6290,7357,6299,7171,5314
"여주시",-,-,-,-,-,-,-,-,-,-,-,-,-,-,-,-,-,-,-,-,-,-,-,-,13287,13524,-237,4568,4161,4490,4558,4466,16212,15196,1016,6651,4875,4043,4686,4502,15048,14518,530,5943,4394,4105,4711,4470,14642,14104,538,5559,4240,4138,4843,4407,14162,13464,698,5206,4137,4035,4819,4223,13429,13588,-159,4987,4146,4206,4296,4395,13171,13318,-147,4776,4210,4207,4185,4335,14113,12939,1174,4911,4608,4061,4594,3967,14527,13448,1079,4833,4807,4483,4887,4132
"양주군",0,0,0,0,0,0,0,0,0,0,0,0,0,0,0,0,0,0,0,0,0,0,0,0,0,0,0,0,0,0,0,0,0,0,0,0,0,0,0,0,0,0,0,0,0,0,0,0,0,0,0,0,0,0,0,0,0,0,0,0,0,0,0,0,0,0,0,0,0,0,0,0,0,0,0,0,0,0,0,0,0,0,0,0,0,0,0,0,0,0,0,0,0,0,0,0
"여주군",15144,15030,114,4760,5073,5340,5311,4930,13951,14169,-218,4306,4769,4736,4876,5127,13535,13184,351,4138,4718,4501,4679,4545,0,0,0,0,0,0,0,0,0,0,0,0,0,0,0,0,0,0,0,0,0,0,0,0,0,0,0,0,0,0,0,0,0,0,0,0,0,0,0,0,0,0,0,0,0,0,0,0,0,0,0,0,0,0,0,0,0,0,0,0,0,0,0,0,0,0,0,0,0,0,0,0
"화성군",0,0,0,0,0,0,0,0,0,0,0,0,0,0,0,0,0,0,0,0,0,0,0,0,0,0,0,0,0,0,0,0,0,0,0,0,0,0,0,0,0,0,0,0,0,0,0,0,0,0,0,0,0,0,0,0,0,0,0,0,0,0,0,0,0,0,0,0,0,0,0,0,0,0,0,0,0,0,0,0,0,0,0,0,0,0,0,0,0,0,0,0,0,0,0,0
"파주군",0,0,0,0,0,0,0,0,0,0,0,0,0,0,0,0,0,0,0,0,0,0,0,0,0,0,0,0,0,0,0,0,0,0,0,0,0,0,0,0,0,0,0,0,0,0,0,0,0,0,0,0,0,0,0,0,0,0,0,0,0,0,0,0,0,0,0,0,0,0,0,0,0,0,0,0,0,0,0,0,0,0,0,0,0,0,0,0,0,0,0,0,0,0,0,0
"광주군",0,0,0,0,0,0,0,0,0,0,0,0,0,0,0,0,0,0,0,0,0,0,0,0,0,0,0,0,0,0,0,0,0,0,0,0,0,0,0,0,0,0,0,0,0,0,0,0,0,0,0,0,0,0,0,0,0,0,0,0,0,0,0,0,0,0,0,0,0,0,0,0,0,0,0,0,0,0,0,0,0,0,0,0,0,0,0,0,0,0,0,0,0,0,0,0
"연천군",5668,6334,-666,1369,2279,2885,2020,2080,5279,5472,-193,1030,2208,2472,2041,1970,6287,5564,723,1164,2757,2544,2366,1856,5546,5548,-2,971,2317,2548,2258,2029,5210,5497,-287,931,2204,2511,2075,2055,6011,5595,416,1190,2356,2393,2465,2012,6135,5916,219,1607,2307,2381,2221,1928,5361,5735,-374,1195,2114,2527,2052,2013,5093,5782,-689,1169,2001,2649,1923,1964,4840,5477,-637,1114,1851,2527,1875,1836,5231,5338,-107,1294,1987,2395,1950,1649,4992,5272,-280,1083,2017,2469,1892,1720
"포천군",0,0,0,0,0,0,0,0,0,0,0,0,0,0,0,0,0,0,0,0,0,0,0,0,0,0,0,0,0,0,0,0,0,0,0,0,0,0,0,0,0,0,0,0,0,0,0,0,0,0,0,0,0,0,0,0,0,0,0,0,0,0,0,0,0,0,0,0,0,0,0,0,0,0,0,0,0,0,0,0,0,0,0,0,0,0,0,0,0,0,0,0,0,0,0,0
"가평군",7554,6863,691,922,2702,2493,3930,3448,7550,6875,675,807,2670,2589,4073,3479,8800,7230,1570,1133,3084,2374,4583,3723,7452,7110,342,989,2544,2304,3919,3817,7590,7276,314,981,2617,2557,3992,3738,7795,6873,922,889,2767,2420,4139,3564,7570,6919,651,956,2546,2463,4068,3500,7449,6671,778,934,2520,2364,3995,3373,7438,7138,300,1087,2494,2568,3857,3483,6886,7090,-204,934,2321,2612,3631,3544,7288,6939,349,862,2597,2684,3829,3393,7508,6926,582,909,2797,2786,3802,3231
"양평군",16920,13273,3647,3931,5190,3782,7799,5560,17001,13303,3698,3877,5165,3576,7959,5850,16597,13640,2957,3607,5065,3997,7925,6036,15283,13718,1565,3851,4723,4076,6709,5791,15226,13271,1955,3574,4534,3930,7118,5767,16430,13327,3103,3704,5089,3924,7637,5699,17398,14108,3290,4515,5243,3910,7640,5683,17776,13602,4174,4224,5395,3830,8157,5548,15759,14362,1397,3837,4799,4437,7123,6088,15538,14316,1222,3939,4667,4536,6932,5841,16798,14358,2440,3695,5322,4594,7781,6069,17933,14592,3341,3898,5932,4667,8103,6027
"이천군",0,0,0,0,0,0,0,0,0,0,0,0,0,0,0,0,0,0,0,0,0,0,0,0,0,0,0,0,0,0,0,0,0,0,0,0,0,0,0,0,0,0,0,0,0,0,0,0,0,0,0,0,0,0,0,0,0,0,0,0,0,0,0,0,0,0,0,0,0,0,0,0,0,0,0,0,0,0,0,0,0,0,0,0,0,0,0,0,0,0,0,0,0,0,0,0
"용인군",0,0,0,0,0,0,0,0,0,0,0,0,0,0,0,0,0,0,0,0,0,0,0,0,0,0,0,0,0,0,0,0,0,0,0,0,0,0,0,0,0,0,0,0,0,0,0,0,0,0,0,0,0,0,0,0,0,0,0,0,0,0,0,0,0,0,0,0,0,0,0,0,0,0,0,0,0,0,0,0,0,0,0,0,0,0,0,0,0,0,0,0,0,0,0,0
"안성군",0,0,0,0,0,0,0,0,0,0,0,0,0,0,0,0,0,0,0,0,0,0,0,0,0,0,0,0,0,0,0,0,0,0,0,0,0,0,0,0,0,0,0,0,0,0,0,0,0,0,0,0,0,0,0,0,0,0,0,0,0,0,0,0,0,0,0,0,0,0,0,0,0,0,0,0,0,0,0,0,0,0,0,0,0,0,0,0,0,0,0,0,0,0,0,0
"김포군",0,0,0,0,0,0,0,0,0,0,0,0,0,0,0,0,0,0,0,0,0,0,0,0,0,0,0,0,0,0,0,0,0,0,0,0,0,0,0,0,0,0,0,0,0,0,0,0,0,0,0,0,0,0,0,0,0,0,0,0,0,0,0,0,0,0,0,0,0,0,0,0,0,0,0,0,0,0,0,0,0,0,0,0,0,0,0,0,0,0,0,0,0,0,0,0
