"시군별(1)",시군별(2),2010,2010,2010,2010,2010,2010,2010,2010,2010,2010,2010,2010,2010,2010,2010,2010,2010,2010,2010,2010,2010,2010,2010,2010,2010,2010,2011,2011,2011,2011,2011,2011,2011,2011,2011,2011,2011,2011,2011,2011,2011,2011,2011,2011,2011,2011,2011,2011,2011,2011,2011,2011,2012,2012,2012,2012,2012,2012,2012,2012,2012,2012,2012,2012,2012,2012,2012,2012,2012,2012,2012,2012,2012,2012,2012,2012,2012,2012,2013,2013,2013,2013,2013,2013,2013,2013,2013,2013,2013,2013,2013,2013,2013,2013,2013,2013,2013,2013,2013,2013,2013,2013,2013,2013,2014,2014,2014,2014,2014,2014,2014,2014,2014,2014,2014,2014,2014,2014,2014,2014,2014,2014,2014,2014,2014,2014,2014,2014,2014,2014,2015,2015,2015,2015,2015,2015,2015,2015,2015,2015,2015,2015,2015,2015,2015,2015,2015,2015,2015,2015,2015,2015,2015,2015,2015,2015,2016,2016,2016,2016,2016,2016,2016,2016,2016,2016,2016,2016,2016,2016,2016,2016,2016,2016,2016,2016,2016,2016,2016,2016,2016,2016,2017,2017,2017,2017,2017,2017,2017,2017,2017,2017,2017,2017,2017,2017,2017,2017,2017,2017,2017,2017,2017,2017,2017,2017,2017,2017,2018,2018,2018,2018,2018,2018,2018,2018,2018,2018,2018,2018,2018,2018,2018,2018,2018,2018,2018,2018,2018,2018,2018,2018,2018,2018,2019,2019,2019,2019,2019,2019,2019,2019,2019,2019,2019,2019,2019,2019,2019,2019,2019,2019,2019,2019,2019,2019,2019,2019,2019,2019,2020,2020,2020,2020,2020,2020,2020,2020,2020,2020,2020,2020,2020,2020,2020,2020,2020,2020,2020,2020,2020,2020,2020,2020,2020,2020
"시군별(1)",시군별(2),합계,합계,종합병원,종합병원,병원,병원,의원,의원,특수병원,특수병원,요양병원,요양병원,치과병(의)원,치과병(의)원,한방병원,한방병원,한의원,한의원,조산소,조산소,부속의원,부속의원,보건의료원,보건소,보건지소,보건진료소,합계,합계,종합병원,종합병원,병원,병원,의원,의원,특수병원,특수병원,요양병원,요양병원,치과병(의)원,치과병(의)원,한방병원,한방병원,한의원,한의원,조산소,조산소,부속의원,부속의원,보건의료원,보건소,보건지소,보건진료소,합계,합계,종합병원,종합병원,병원,병원,의원,의원,특수병원,특수병원,요양병원,요양병원,치과병(의)원,치과병(의)원,한방병원,한방병원,한의원,한의원,조산소,조산소,부속의원,부속의원,보건의료원,보건소,보건지소,보건진료소,합계,합계,종합병원,종합병원,병원,병원,의원,의원,특수병원,특수병원,요양병원,요양병원,치과병(의)원,치과병(의)원,한방병원,한방병원,한의원,한의원,조산소,조산소,부속의원,부속의원,보건의료원,보건소,보건지소,보건진료소,합계,합계,종합병원,종합병원,병원,병원,의원,의원,특수병원,특수병원,요양병원,요양병원,치과병(의)원,치과병(의)원,한방병원,한방병원,한의원,한의원,조산소,조산소,부속의원,부속의원,보건의료원,보건소,보건지소,보건진료소,합계,합계,종합병원,종합병원,병원,병원,의원,의원,특수병원,특수병원,요양병원,요양병원,치과병(의)원,치과병(의)원,한방병원,한방병원,한의원,한의원,조산소,조산소,부속의원,부속의원,보건의료원,보건소,보건지소,보건진료소,합계,합계,종합병원,종합병원,병원,병원,의원,의원,특수병원,특수병원,요양병원,요양병원,치과병(의)원,치과병(의)원,한방병원,한방병원,한의원,한의원,조산소,조산소,부속의원,부속의원,보건의료원,보건소,보건지소,보건진료소,합계,합계,종합병원,종합병원,병원,병원,의원,의원,특수병원,특수병원,요양병원,요양병원,치과병(의)원,치과병(의)원,한방병원,한방병원,한의원,한의원,조산소,조산소,부속의원,부속의원,보건의료원,보건소,보건지소,보건진료소,합계,합계,종합병원,종합병원,병원,병원,의원,의원,특수병원,특수병원,요양병원,요양병원,치과병(의)원,치과병(의)원,한방병원,한방병원,한의원,한의원,조산소,조산소,부속의원,부속의원,보건의료원,보건소,보건지소,보건진료소,합계,합계,종합병원,종합병원,병원,병원,의원,의원,특수병원,특수병원,요양병원,요양병원,치과병(의)원,치과병(의)원,한방병원,한방병원,한의원,한의원,조산소,조산소,부속의원,부속의원,보건의료원,보건소,보건지소,보건진료소,합계,합계,종합병원,종합병원,병원,병원,의원,의원,특수병원,특수병원,요양병원,요양병원,치과병(의)원,치과병(의)원,한방병원,한방병원,한의원,한의원,조산소,조산소,부속의원,부속의원,보건의료원,보건소,보건지소,보건진료소
"시군별(1)",시군별(2),병원수,병상수,병원수,병상수,병원수,병상수,병원수,병상수,병원수,병상수,병원수,병상수,병원수,병상수,병원수,병상수,병원수,병상수,병원수,병상수,병원수,병상수,병원수,병원수,병원수,병원수,병원수,병상수,병원수,병상수,병원수,병상수,병원수,병상수,병원수,병상수,병원수,병상수,병원수,병상수,병원수,병상수,병원수,병상수,병원수,병상수,병원수,병상수,병원수,병원수,병원수,병원수,병원수,병상수,병원수,병상수,병원수,병상수,병원수,병상수,병원수,병상수,병원수,병상수,병원수,병상수,병원수,병상수,병원수,병상수,병원수,병상수,병원수,병상수,병원수,병원수,병원수,병원수,병원수,병상수,병원수,병상수,병원수,병상수,병원수,병상수,병원수,병상수,병원수,병상수,병원수,병상수,병원수,병상수,병원수,병상수,병원수,병상수,병원수,병상수,병원수,병원수,병원수,병원수,병원수,병상수,병원수,병상수,병원수,병상수,병원수,병상수,병원수,병상수,병원수,병상수,병원수,병상수,병원수,병상수,병원수,병상수,병원수,병상수,병원수,병상수,병원수,병원수,병원수,병원수,병원수,병상수,병원수,병상수,병원수,병상수,병원수,병상수,병원수,병상수,병원수,병상수,병원수,병상수,병원수,병상수,병원수,병상수,병원수,병상수,병원수,병상수,병원수,병원수,병원수,병원수,병원수,병상수,병원수,병상수,병원수,병상수,병원수,병상수,병원수,병상수,병원수,병상수,병원수,병상수,병원수,병상수,병원수,병상수,병원수,병상수,병원수,병상수,병원수,병원수,병원수,병원수,병원수,병상수,병원수,병상수,병원수,병상수,병원수,병상수,병원수,병상수,병원수,병상수,병원수,병상수,병원수,병상수,병원수,병상수,병원수,병상수,병원수,병상수,병원수,병원수,병원수,병원수,병원수,병상수,병원수,병상수,병원수,병상수,병원수,병상수,병원수,병상수,병원수,병상수,병원수,병상수,병원수,병상수,병원수,병상수,병원수,병상수,병원수,병상수,병원수,병원수,병원수,병원수,병원수,병상수,병원수,병상수,병원수,병상수,병원수,병상수,병원수,병상수,병원수,병상수,병원수,병상수,병원수,병상수,병원수,병상수,병원수,병상수,병원수,병상수,병원수,병원수,병원수,병원수,병원수,병상수,병원수,병상수,병원수,병상수,병원수,병상수,병원수,병상수,병원수,병상수,병원수,병상수,병원수,병상수,병원수,병상수,병원수,병상수,병원수,병상수,병원수,병원수,병원수,병원수
"합계",소계,11663,95441,53,20835,217,21053,5738,21662,34,9281,166,20381,3148,55,34,1721,2234,220,8,23,31,210,1,44,121,163,12069,103714,53,21008,224,24164,5734,20217,40,10653,197,25346,3343,57,32,1681,2406,342,7,18,33,228,1,44,125,163,12287,112517,55,21580,245,26303,6264,19302,41,10869,213,32135,3091,21,32,1713,2308,332,7,18,31,244,1,44,136,151,12661,116490,55,22495,261,28640,5893,18062,35,9577,243,35392,3523,14,34,1744,2575,359,8,17,34,190,1,45,122,161,13058,122695,56,23231,258,28776,6278,16695,39,10224,267,41024,3466,28,36,1850,2609,610,9,19,40,238,1,44,124,161,13338,123496,58,23954,250,26718,6135,16411,35,9775,267,43599,3749,14,39,2062,2761,785,10,8,34,170,1,43,122,160,13983,130515,59,23841,253,26253,6756,17407,39,13321,268,46307,3667,11,94,2286,2797,961,9,10,41,118,1,41,123,160,14174,129793,61,24702,252,27624,6571,14809,26,7316,298,51501,3891,109,46,2330,2975,1209,8,10,46,183,1,43,122,160,14211,132302,63,25723,262,26519,6631,13475,32,8203,319,54234,3853,21,51,2769,2945,1228,7,10,48,120,1,43,124,161,15111,132788,64,25745,277,27261,7026,12656,31,6961,314,54421,4144,21,65,4023,3146,1519,5,13,39,168,1,45,124,161,15856,137797,66,26930,275,24392,7710,12026,45,10429,317,56139,4122,16,97,5753,3177,1956,6,10,41,146,2,46,121,161
"남부",소계,8854,67897,37,14628,158,14025,4401,16434,22,6631,117,14333,2385,47,26,1375,1675,194,6,20,27,210,-,33,79,117,9166,74336,38,14851,159,16498,4362,15196,27,7598,142,18193,2549,50,26,1419,1828,285,6,18,29,228,-,33,81,117,9243,79454,40,15374,165,16603,4676,14458,30,8274,148,22706,2431,14,27,1498,1691,275,7,18,28,234,-,33,87,110,9587,82592,40,16251,180,18899,4478,13448,25,7149,172,24825,2689,14,28,1501,1941,302,6,14,28,189,-,34,81,117,9855,86130,41,16983,177,18698,4812,12519,25,7051,188,28575,2593,21,29,1568,1947,461,7,16,36,238,-,33,82,117,10054,86091,43,17758,172,17032,4633,12244,22,6668,185,29830,2848,14,32,1742,2081,628,8,5,30,170,-,32,81,116,10741,93406,44,17611,180,17939,5234,13400,28,10733,180,30914,2832,11,86,1913,2113,758,7,9,37,118,-,30,82,116,10825,90465,46,18263,184,17942,5007,11525,18,5627,195,33855,3034,14,41,2098,2252,949,6,9,42,183,-,31,81,116,10813,93972,47,19089,190,18313,5012,10377,22,6390,213,36234,3027,14,44,2468,2211,960,6,7,41,120,-,31,83,117,11454,94139,47,19117,197,20195,5351,9706,18,4685,210,35640,3147,14,57,3454,2389,1172,4,10,34,146,-,33,83,117,12023,97360,48,19948,203,17622,5787,9160,26,6825,206,37332,3213,9,82,4824,2416,1484,6,10,36,146,-,34,83,117
"남부",수원시,1223,8185,4,2448,22,1986,584,2345,1,229,9,1072,332,-,1,83,265,-,-,-,5,22,-,4,-,-,1249,8594,4,2461,24,2446,597,1937,3,479,9,1166,340,-,1,83,266,-,-,-,5,22,-,4,-,-,1441,9199,4,2462,26,2066,770,1813,5,927,11,1760,348,-,2,137,270,12,-,-,5,22,-,4,-,-,1332,9851,4,2447,31,2933,627,1703,3,598,14,1998,365,-,2,137,280,-,-,-,6,35,-,4,-,-,1383,10115,4,2439,32,2888,836,1524,3,598,17,2494,264,-,2,137,216,-,-,-,9,35,-,4,-,-,1421,10256,4,2448,34,2939,650,1408,3,596,15,2666,395,-,2,137,308,23,-,-,10,39,-,4,-,-,1555,13310,4,2542,39,3934,884,2494,3,699,17,3434,276,-,2,139,321,46,-,-,9,22,-,4,-,-,1528,11694,4,2581,34,2967,696,1262,2,448,21,4174,423,-,3,139,335,84,-,-,10,39,-,4,-,-,1560,12658,4,2593,33,3587,707,1100,2,394,22,4662,431,-,3,156,348,140,-,-,10,26,-,4,-,-,1595,11941,4,2611,33,2924,721,1105,3,642,22,4275,445,-,4,216,353,142,-,-,10,26,-,4,-,-,1630,12810,5,2853,32,2699,745,1015,4,942,22,4717,454,-,6,362,352,196,-,-,10,26,-,4,-,-
"남부",성남시,1244,6361,5,2703,14,1233,634,1485,-,-,5,863,369,-,1,77,214,-,-,-,2,-,-,3,-,-,1339,7584,5,2776,12,2067,654,1471,-,-,7,1116,392,3,2,133,265,18,-,-,2,-,-,3,1,-,1391,8152,5,2753,15,2303,669,1492,-,-,8,1437,410,3,2,133,279,31,-,-,3,-,-,3,1,-,1412,8466,5,2998,20,3089,667,1296,-,-,7,934,420,3,2,133,287,13,-,-,4,-,-,3,-,-,1441,9662,5,3230,21,3337,672,1329,-,-,11,1586,422,3,2,133,304,44,-,-,4,-,-,3,1,-,1454,9236,6,3869,16,1565,679,1303,-,-,13,2305,423,3,2,141,312,50,-,-,3,-,-,3,1,-,1540,8478,5,3268,16,1318,723,1243,1,188,12,2206,441,3,3,171,333,78,-,-,6,3,-,3,1,-,1561,9626,6,3952,17,1732,729,1079,1,188,13,2412,445,3,3,179,341,78,-,-,6,3,-,3,1,-,1637,9848,6,3914,17,1722,776,1158,1,188,15,2599,463,3,3,183,350,78,-,-,6,3,-,3,1,-,1643,10040,7,4012,17,1724,784,1099,-,-,16,2871,468,3,4,233,343,98,-,-,4,-,-,3,1,-,1709,10520,6,4305,20,1708,835,1075,-,-,16,2874,473,3,7,405,347,150,-,-,5,-,-,3,1,-
"남부",안양시,590,4030,4,1747,8,553,340,1195,-,-,4,385,129,-,3,150,101,-,-,-,1,-,-,2,-,-,731,4133,4,1734,9,639,342,892,-,-,7,686,210,-,3,182,155,-,-,-,1,-,-,2,-,-,711,4478,4,1730,11,901,334,827,-,-,7,860,203,-,3,160,149,-,-,-,-,-,-,2,-,-,756,4429,4,1708,11,829,340,758,-,-,8,1034,222,-,2,100,169,-,-,-,-,-,-,2,-,-,772,4561,4,1679,12,1012,344,862,-,-,7,891,230,1,2,100,170,13,2,3,1,-,-,2,-,-,781,4613,4,1666,13,1132,345,835,-,-,7,910,234,-,1,70,173,-,2,-,2,-,-,1,-,-,833,4412,3,1443,15,1178,360,705,-,-,7,960,255,-,2,113,185,13,2,-,4,-,-,1,-,-,823,4505,3,1443,14,1330,366,643,-,-,7,964,243,-,2,110,183,15,2,-,3,-,-,2,-,-,838,4438,3,1478,15,1172,373,565,-,-,8,1107,247,-,2,103,186,13,2,-,2,-,-,2,-,-,846,4430,3,1354,14,1086,382,420,-,-,9,1296,253,-,2,248,183,23,-,3,-,-,-,2,-,-,819,4262,3,1371,12,1027,371,413,-,-,8,1162,247,-,5,263,171,23,2,3,-,-,-,2,-,-
"남부",부천시,980,9585,5,2274,22,2382,486,1948,4,540,16,2116,256,36,4,250,185,26,2,13,-,-,-,3,-,-,1011,9530,5,2186,21,2225,502,1807,4,769,16,2189,266,36,4,250,191,55,2,13,-,-,-,3,-,-,690,10295,5,2326,22,2374,498,1749,4,558,20,3025,106,-,4,250,29,-,2,13,-,-,-,3,-,-,1024,11152,5,2310,22,2345,498,1500,4,571,26,4095,267,-,5,304,196,20,1,7,-,-,-,3,-,-,1024,11614,5,2366,21,1800,535,1312,4,559,28,5121,223,-,6,371,201,78,1,7,-,-,-,3,-,-,1018,11395,5,2305,22,1977,481,1300,3,585,26,4732,269,-,7,404,204,89,1,3,-,-,-,3,-,-,1038,11805,5,2294,24,2307,491,1210,5,865,23,4594,276,-,6,383,207,149,1,3,-,-,-,1,-,-,1072,12126,5,2123,24,2290,503,1249,-,-,30,5806,284,-,8,488,217,167,1,3,-,-,-,1,-,-,1080,12319,5,2357,23,2095,508,1030,5,855,26,5262,284,-,9,552,219,165,1,3,-,-,-,1,-,-,1083,12118,5,2370,23,2053,510,840,5,1029,26,5080,286,-,9,588,218,155,1,3,-,-,-,3,-,-,1100,11835,6,2450,22,1645,513,788,6,1287,22,4586,293,-,15,903,222,173,1,3,-,-,-,3,-,-
"남부",광명시,354,1365,1,467,2,191,174,597,-,-,1,53,101,-,1,30,73,27,-,-,1,-,-,1,-,-,373,1677,1,448,2,192,180,651,-,-,3,359,108,-,-,-,78,27,-,-,1,-,-,1,-,-,381,1851,1,436,3,249,184,653,-,-,3,493,113,-,-,-,75,20,1,-,1,-,-,1,-,-,387,2030,1,424,3,203,192,739,-,-,4,642,111,-,-,-,74,20,1,2,1,-,-,1,-,-,383,1998,1,424,3,203,189,727,-,-,4,642,109,-,-,-,75,-,1,2,1,-,-,1,-,-,387,2060,1,399,3,203,191,700,-,-,4,729,108,-,-,-,79,29,1,-,-,-,-,1,-,-,393,2149,1,424,4,281,193,666,-,-,4,749,108,-,-,-,81,29,1,-,1,-,-,1,-,-,398,2082,1,399,4,281,196,624,-,-,4,749,110,-,-,-,82,29,-,-,1,-,-,1,-,-,403,2258,1,391,4,282,198,609,-,-,5,947,113,-,-,-,81,29,-,-,1,-,-,1,-,-,411,2166,1,331,5,323,204,532,-,-,5,953,114,-,-,-,81,27,-,-,1,-,-,1,-,-,418,2035,1,297,4,266,211,499,-,-,5,952,115,-,-,-,81,21,-,-,1,-,-,1,-,-
"남부",평택시,392,3060,3,702,13,1349,194,894,-,-,2,91,98,-,-,-,79,14,1,3,2,7,-,2,9,11,405,3281,3,702,12,1215,197,922,-,-,4,420,101,-,-,-,84,14,1,1,3,7,-,2,9,11,413,3471,3,795,13,1329,200,905,-,-,4,420,103,-,-,-,86,14,1,1,3,7,-,2,8,11,440,3578,3,792,15,1599,209,844,-,-,3,321,112,-,-,-,94,14,1,1,3,7,-,2,9,11,448,3797,3,811,14,1544,212,754,-,-,6,646,115,-,-,-,93,14,1,1,4,27,-,2,9,11,460,4092,4,1016,12,1805,220,731,-,-,3,483,121,-,-,-,97,29,1,1,2,27,-,2,9,11,483,4282,5,1207,11,1499,229,770,-,-,5,774,129,-,-,-,101,29,1,3,2,-,-,2,9,11,496,3946,4,1016,12,1473,235,695,-,-,5,703,131,-,-,-,102,29,1,3,6,27,-,2,9,11,476,3673,4,1119,10,1263,243,566,-,-,4,710,139,-,-,-,72,14,1,1,3,-,-,2,9,11,536,4182,4,1119,11,1263,253,595,-,-,7,1066,148,-,1,95,111,43,1,1,-,-,-,2,9,11,557,4468,4,1150,12,1278,261,527,-,-,8,1298,154,-,2,175,115,39,1,1,-,-,-,2,9,11
"남부",안산시,688,6934,4,1724,20,674,333,1710,1,84,23,2308,178,-,8,355,118,78,2,1,1,-,-,2,2,1,689,8296,4,1724,22,1440,324,1576,1,120,26,2968,178,-,8,351,123,116,2,1,1,-,-,2,2,1,680,8402,4,1576,23,1740,319,1497,1,196,23,2974,181,-,7,330,120,88,2,1,-,-,-,2,3,-,697,8887,4,1776,21,1662,327,1356,1,179,25,3414,183,-,8,377,126,122,2,1,-,-,-,2,3,1,701,9146,4,1926,20,1666,332,1365,1,179,21,3345,185,-,9,438,128,226,1,1,-,-,-,2,3,1,692,9382,4,1891,20,1733,327,1361,1,199,19,3469,183,-,10,483,127,245,1,1,-,-,-,2,3,1,707,9662,4,1827,20,1685,335,1276,2,459,19,3693,188,-,9,458,129,263,1,1,-,-,-,2,3,1,729,9819,4,1709,21,1784,345,1356,2,473,19,3654,190,-,12,536,135,306,1,1,-,-,-,2,4,1,738,9850,4,1873,22,1955,353,1244,1,285,17,3453,192,-,14,767,134,272,1,1,-,-,-,2,4,2,746,9210,4,1734,21,1890,357,1029,1,299,16,3126,191,-,15,827,140,304,1,1,-,-,-,2,4,2,772,9450,4,1734,19,1691,365,869,2,501,16,3415,198,-,16,954,151,285,1,1,-,-,-,2,3,2
"남부",과천시,59,13,-,-,-,-,27,13,-,-,-,-,19,-,-,-,11,-,-,-,2,-,-,1,-,-,60,13,-,-,-,-,29,13,-,-,-,-,18,-,-,-,11,-,-,-,2,-,-,1,-,-,60,13,-,-,-,-,29,13,-,-,-,-,18,-,-,-,11,-,-,-,2,-,-,1,-,-,60,13,-,-,-,-,28,13,-,-,-,-,17,-,-,-,13,-,-,-,2,-,-,1,-,-,64,13,-,-,-,-,30,13,-,-,-,-,18,-,-,-,14,-,-,-,2,-,-,1,-,-,66,1,-,-,-,-,33,1,-,-,-,-,18,-,-,-,13,-,-,-,2,-,-,1,-,-,66,-,-,-,-,-,33,-,-,-,-,-,17,-,-,-,14,-,-,-,2,-,-,1,-,-,68,-,-,-,-,-,35,-,-,-,-,-,17,-,-,-,14,-,-,-,2,-,-,1,-,-,68,-,-,-,-,-,34,-,-,-,-,-,17,-,-,-,14,-,-,-,3,-,-,1,-,-,70,-,-,-,-,-,35,-,-,-,-,-,18,-,-,-,14,-,-,-,3,-,-,1,-,-,73,-,-,-,-,-,37,-,-,-,-,-,19,-,-,-,14,-,-,-,3,-,-,1,-,-
"남부",오산시,166,1665,2,480,1,47,79,330,1,486,2,322,49,-,-,-,32,-,-,-,-,-,-,1,-,-,176,1940,2,493,1,47,86,333,1,486,3,581,51,-,-,-,32,-,-,-,-,-,-,1,-,-,178,1094,2,-,1,223,82,285,1,486,3,100,55,-,-,-,34,-,-,-,-,-,-,1,-,-,188,1929,1,382,3,163,85,322,1,486,3,576,59,-,-,-,36,-,-,-,-,-,-,1,-,-,197,2086,1,360,3,245,90,322,1,486,4,673,63,-,-,-,35,-,-,-,-,-,-,1,-,-,194,2051,1,360,3,245,90,296,1,486,4,664,62,-,-,-,33,-,-,-,-,-,-,1,-,-,200,2195,2,592,3,245,91,260,1,486,3,612,65,-,-,-,35,-,-,-,-,-,-,1,-,-,214,2471,3,695,3,245,98,251,1,464,4,798,69,-,-,-,36,18,-,-,-,-,-,1,-,-,219,2807,3,682,6,512,101,223,1,464,5,867,69,-,1,41,33,18,-,-,-,-,-,1,-,-,230,2979,2,590,6,2125,103,205,-,-,6,-,71,-,1,41,41,18,-,-,-,-,-,1,-,-,233,2901,2,580,8,1022,101,203,-,-,5,1037,75,-,1,41,41,18,-,-,-,-,-,1,-,-
"남부",시흥시,477,3393,3,646,5,450,312,1161,-,-,6,931,91,-,4,179,55,23,1,3,-,-,-,1,1,4,338,3508,3,638,5,462,168,1085,-,-,9,1128,93,-,4,169,55,23,1,3,-,-,-,1,1,4,337,3931,3,654,6,583,165,1007,-,-,9,1396,89,-,5,237,59,51,1,3,-,-,-,1,1,4,346,3951,3,646,6,573,168,1028,-,-,11,1421,94,-,6,229,57,51,1,3,-,-,-,1,1,4,353,4155,3,655,3,334,170,931,-,-,14,2038,99,-,5,197,59,-,-,-,-,-,-,1,1,4,348,4145,3,642,3,280,164,839,-,-,13,2004,100,-,7,315,57,65,1,-,-,-,-,1,1,4,369,4157,3,627,2,221,179,980,-,-,12,1807,104,-,9,457,60,65,-,-,-,-,-,1,1,4,398,3781,3,627,1,95,195,779,-,-,11,1810,111,-,9,405,68,65,-,-,-,-,-,1,1,4,432,4223,3,627,3,295,210,712,-,-,13,2077,122,-,8,442,73,70,-,-,-,-,-,1,1,4,462,4367,3,626,4,335,226,641,-,-,13,2169,133,-,9,505,74,91,-,-,-,-,-,1,1,4,483,4522,3,741,3,295,240,691,-,-,13,2093,138,-,10,602,76,100,-,-,-,-,-,1,1,4
"남부",군포시,263,1636,1,329,4,433,125,392,1,156,2,238,78,5,1,71,50,12,-,-,1,-,-,1,-,-,270,1745,1,306,3,363,126,364,2,245,4,391,82,5,1,71,50,-,-,-,1,-,-,1,-,-,273,2134,1,317,3,363,128,327,2,476,5,580,81,-,1,71,51,-,-,-,1,-,-,1,-,-,273,2391,2,539,3,363,129,322,2,498,5,593,80,5,1,71,51,-,-,-,-,-,-,1,-,-,281,2447,2,714,3,374,132,253,2,460,5,641,83,5,-,-,54,-,-,-,-,-,-,1,-,-,290,2339,2,707,3,444,134,270,1,248,5,665,86,5,-,-,59,-,-,-,-,-,-,1,1,-,301,2435,2,677,3,409,135,273,1,248,6,826,92,2,-,-,62,-,-,-,-,-,-,1,1,-,300,2399,2,646,3,408,131,266,1,248,6,826,93,5,-,-,64,-,-,-,-,-,-,1,1,-,307,2185,2,647,3,363,135,227,1,170,6,773,94,5,-,-,66,-,-,-,-,-,-,1,1,-,223,2154,2,600,3,362,140,251,1,170,7,766,2,5,-,-,68,-,-,-,-,-,-,1,1,-,309,2147,2,599,3,366,135,216,1,170,6,766,94,-,-,-,68,30,-,-,-,-,-,1,1,-
"남부",의왕시,124,1800,-,-,1,200,55,112,2,1058,2,288,36,-,1,30,24,-,-,-,3,112,-,1,-,-,131,1831,-,-,1,200,59,112,2,1058,2,319,36,-,1,30,27,-,-,-,3,112,-,1,-,-,131,2539,-,480,1,47,59,263,2,1058,2,686,36,5,1,-,27,-,-,-,3,-,-,1,-,-,144,2008,-,-,1,200,65,149,2,1089,3,516,42,-,-,-,29,-,-,-,2,54,-,1,-,-,150,2007,-,-,1,200,67,82,3,1125,3,515,43,-,-,-,30,-,1,2,2,83,-,1,-,-,139,1994,-,-,1,200,62,163,2,1096,3,535,43,-,-,-,27,-,1,-,-,-,-,1,-,-,143,1996,-,-,1,200,63,163,2,1096,3,535,44,-,-,-,29,-,1,2,-,-,-,1,1,-,148,1972,-,-,1,176,65,134,2,1096,3,535,45,-,-,-,30,-,1,2,1,29,-,1,1,-,150,1897,-,-,1,176,65,87,2,1068,3,535,46,-,-,-,30,-,1,2,2,29,-,1,1,-,144,1882,-,-,2,976,61,87,-,-,4,788,45,-,-,-,30,-,1,2,1,29,-,1,1,-,154,2092,-,-,1,176,64,58,3,1095,4,732,50,-,-,-,30,-,1,2,1,29,-,1,1,-
"남부",하남시,150,638,-,-,4,232,76,365,-,-,1,41,39,-,-,-,30,-,-,-,-,-,-,1,-,-,154,604,-,-,4,222,75,312,-,-,1,70,43,-,-,-,31,-,-,-,-,-,-,1,-,-,150,845,-,-,4,200,74,112,-,-,1,391,40,-,-,30,31,-,-,-,-,112,-,1,-,-,146,655,-,-,4,224,69,249,-,-,2,182,41,-,-,-,30,-,-,-,-,-,-,1,-,-,155,702,-,-,4,224,74,242,-,-,3,236,42,-,-,-,32,-,-,-,-,-,-,1,-,-,159,746,-,-,4,224,77,241,-,-,3,281,42,-,-,-,33,-,-,-,-,-,-,1,-,-,200,783,-,-,4,224,102,332,-,-,2,227,52,-,-,-,40,-,-,-,-,-,-,1,-,-,226,882,-,-,5,268,114,349,-,-,2,265,58,-,-,-,47,-,-,-,-,-,-,1,-,-,265,785,-,-,5,234,129,310,-,-,2,241,74,-,-,-,55,-,-,-,-,-,-,1,-,-,293,1345,-,-,7,325,148,337,-,-,4,683,76,-,-,-,58,-,-,-,-,-,-,1,-,-,322,2003,-,-,7,325,161,369,-,-,6,1225,84,-,1,44,63,40,-,-,-,-,-,1,1,-
"남부",용인시,812,6826,2,373,13,1423,367,794,5,2554,9,1665,245,6,-,-,168,-,-,-,3,11,-,3,7,10,844,8069,3,651,10,1308,383,861,7,2789,14,2443,254,6,-,-,171,-,-,-,2,11,-,3,7,10,863,8167,3,586,9,1218,397,863,6,2425,15,3058,258,6,-,-,173,-,-,-,2,11,-,3,7,10,885,7926,3,678,8,807,404,721,5,2134,19,3575,264,-,-,-,181,-,-,-,1,11,-,3,8,10,926,8394,3,672,9,851,424,573,5,2138,22,4130,275,6,-,-,187,24,-,-,1,-,-,3,8,10,953,7907,3,687,9,1081,434,676,4,1813,21,3609,282,6,-,-,199,24,-,-,1,11,-,3,7,10,1158,11114,3,679,9,1079,632,702,4,4568,20,4045,289,6,-,-,200,24,-,-,1,11,-,3,7,10,990,8122,3,644,10,1018,448,684,4,1524,21,4207,296,6,-,-,207,28,-,-,1,11,-,3,7,10,1060,8497,3,634,10,1138,484,657,4,1518,24,4509,312,6,-,-,221,28,-,-,2,7,-,3,7,10,1088,8571,3,922,10,1194,497,648,2,965,23,4695,321,6,2,87,228,47,-,-,2,7,-,3,7,10,1261,8673,3,1010,22,1402,761,649,2,965,23,4421,211,6,3,124,232,89,-,-,4,7,-,3,7,10
"남부",이천시,173,1627,-,-,5,436,85,401,2,455,2,335,45,-,-,-,33,-,-,-,1,-,-,1,7,15,179,1749,-,-,5,436,86,427,2,551,2,335,49,-,-,-,34,-,-,-,1,-,-,1,7,15,186,1697,-,-,2,351,89,453,2,587,2,306,48,-,-,-,43,-,-,-,-,-,-,1,7,11,182,1845,-,-,4,359,90,404,2,598,3,484,48,-,-,-,34,-,-,-,1,-,-,1,7,15,187,1891,1,125,4,317,93,344,2,598,3,507,48,-,-,-,35,-,-,-,1,-,-,1,7,15,201,1863,1,125,4,324,96,339,2,598,3,477,53,-,-,-,41,-,-,-,1,-,-,1,7,15,205,1949,1,115,4,318,96,343,2,598,4,575,56,-,-,-,41,-,-,-,1,-,-,1,7,15,207,2006,1,115,4,329,101,314,2,571,4,677,53,-,-,-,41,-,-,-,1,-,-,1,7,15,212,2036,1,115,4,309,100,272,2,571,5,769,56,-,-,-,43,-,-,-,1,-,-,1,7,15,221,2279,1,164,4,319,106,270,2,581,6,941,56,-,-,-,44,-,-,-,2,4,-,1,7,15,230,2387,1,289,4,319,110,292,2,580,6,877,58,-,-,-,48,26,-,-,1,4,-,1,7,15
"남부",안성시,150,2430,1,151,3,240,67,338,1,299,12,1402,38,-,-,-,26,-,-,-,2,-,-,1,10,16,163,2400,1,151,3,274,73,281,1,299,12,1395,41,-,-,-,30,-,-,-,2,-,-,1,10,16,166,2463,1,151,3,274,75,221,1,299,11,1518,43,-,-,-,30,-,-,-,2,-,-,1,12,17,164,2343,1,151,3,267,73,193,1,299,11,1433,43,-,-,-,30,-,-,-,2,-,-,1,10,16,163,2431,1,151,3,276,70,193,1,299,12,1512,44,-,-,-,30,-,-,-,2,-,-,1,10,16,164,2211,1,151,3,268,70,190,1,299,10,1303,45,-,-,-,32,-,-,-,2,-,-,1,10,15,160,2187,1,151,3,258,68,198,1,299,10,1281,44,-,-,-,31,-,-,-,2,-,-,1,9,15,155,2168,1,151,3,258,68,179,1,299,10,1281,40,-,-,-,30,-,-,-,2,-,-,1,9,15,165,2159,2,492,2,118,70,188,1,299,8,1051,48,-,-,-,32,11,-,-,2,-,-,1,9,15,169,1971,2,497,2,118,72,139,-,-,10,1171,48,-,-,-,33,40,-,-,2,6,-,1,9,15,173,2216,2,483,2,118,72,125,1,286,9,1098,51,-,1,60,33,40,-,-,2,6,-,1,9,15
"남부",김포시,229,2371,1,410,8,947,99,398,1,130,3,336,67,-,2,150,48,-,-,-,-,-,-,1,6,8,234,2587,1,407,7,890,99,403,1,130,5,607,69,-,2,150,50,-,-,-,-,-,-,1,6,8,249,2595,2,616,6,689,105,403,1,130,5,607,74,-,2,150,54,-,-,-,-,-,-,1,7,7,278,2647,2,679,6,750,117,357,1,130,5,581,83,-,2,150,62,-,-,-,-,-,-,1,6,7,322,2670,2,690,6,750,132,458,1,130,4,500,87,-,2,142,88,-,-,-,-,-,-,1,6,7,343,2832,2,681,4,317,150,367,4,748,5,548,101,-,2,142,75,29,-,-,-,-,-,1,6,7,376,3145,2,716,5,455,169,458,4,748,5,597,107,-,2,142,82,29,-,-,-,-,-,1,6,7,393,3044,2,746,8,782,177,479,2,316,4,550,115,-,2,142,83,29,-,-,-,-,-,1,6,7,49,2985,2,734,9,827,29,402,-,-,6,868,-,-,2,125,1,29,-,-,-,-,-,1,6,7,455,3940,2,695,15,1398,200,412,-,-,7,992,131,-,6,385,94,58,-,-,-,-,-,1,6,7,494,4244,2,652,15,1386,221,385,2,297,6,1017,143,-,7,441,98,66,-,-,-,-,-,1,6,7
"남부",화성시,417,2238,1,174,6,371,193,958,-,-,7,692,125,-,-,-,83,14,-,-,2,29,-,1,14,13,449,2930,1,174,10,1181,209,822,-,-,7,690,128,-,-,-,91,32,-,-,3,31,-,1,15,13,453,3719,2,492,9,911,205,819,2,473,7,929,132,-,-,-,93,58,-,-,3,37,-,1,14,11,471,4497,2,721,10,1223,212,771,2,479,9,1198,139,6,-,-,93,62,-,-,4,37,-,2,14,13,494,4356,2,741,8,1141,234,669,2,479,9,1210,139,6,-,-,93,62,-,-,7,48,-,1,14,13,551,4532,2,811,9,882,246,652,-,-,14,2094,168,-,-,-,107,45,-,-,5,48,-,1,13,13,571,4613,2,813,9,913,257,723,2,479,11,1615,172,-,-,-,111,33,-,-,7,37,-,1,14,13,641,4713,3,1118,12,1104,292,602,-,-,12,1730,185,-,1,49,129,81,-,-,7,29,-,1,13,13,654,5920,3,1138,17,1412,286,552,-,-,22,2704,184,-,1,49,134,55,-,-,7,10,-,1,15,12,721,5124,3,1203,12,940,332,622,2,460,10,1603,204,-,3,179,148,88,-,-,7,29,-,1,15,12,768,5405,3,1145,11,1003,360,565,1,168,12,2018,216,-,6,343,152,134,-,-,7,29,-,2,15,12
"남부",광주시,175,1334,-,-,3,476,88,558,1,200,1,100,46,-,-,-,36,-,-,-,-,-,-,1,4,12,183,1335,-,-,4,485,91,500,1,200,1,150,46,-,-,-,40,-,-,-,-,-,-,1,4,12,261,1432,-,-,4,376,171,405,1,200,2,450,48,-,-,-,34,1,-,-,1,-,-,1,8,12,205,1304,-,-,3,445,95,425,1,88,3,346,52,-,-,-,51,-,-,-,-,-,-,1,4,12,207,1321,-,-,3,445,93,373,-,-,4,503,53,-,-,-,54,-,-,-,-,-,-,1,4,12,221,1415,-,-,3,445,97,347,-,-,5,623,60,-,-,-,56,-,-,-,-,-,-,1,4,12,225,1617,1,236,2,321,105,367,-,-,5,693,60,-,52,-,-,-,-,-,-,-,-,1,4,12,255,1898,1,298,2,284,120,344,-,-,7,952,66,-,-,-,59,20,-,-,-,-,-,1,3,12,268,2074,1,295,2,264,119,280,-,-,8,1197,75,-,-,-,63,38,-,-,-,-,-,1,3,12,285,2114,1,289,2,264,131,325,-,-,7,1198,75,-,-,-,69,38,-,-,-,-,-,1,3,12,285,1924,1,289,2,292,132,309,-,-,5,980,80,-,-,-,65,54,-,-,-,-,-,1,3,12
"남부",여주군,103,1671,-,-,2,197,47,274,2,440,4,731,26,-,-,-,21,-,-,-,1,29,-,1,9,13,104,1788,-,-,2,197,47,257,2,472,4,817,26,-,-,-,21,-,-,-,2,45,-,1,9,13,103,2035,-,-,2,197,47,181,2,459,4,1153,26,-,-,-,20,-,-,-,2,45,-,1,9,13,-,-,-,-,-,-,-,-,-,-,-,-,-,-,-,-,-,-,-,-,-,-,-,-,-,-,-,-,-,-,-,-,-,-,-,-,-,-,-,-,-,-,-,-,-,-,-,-,-,-,-,-,-,-,-,-,-,-,-,-,-,-,-,-,-,-,-,-,-,-,-,-,-,-,-,-,-,-,-,-,-,-,-,-,-,-,-,-,-,-,-,-,-,-,-,-,-,-,-,-,-,-,-,-,-,-,-,-,-,-,-,-,-,-,-,-,-,-,-,-,-,-,-,-,-,-,-,-,-,-,-,-,-,-,-,-,-,-,-,-,-,-,-,-,-,-,-,-,-,-,-,-,-,-,-,-,-,-,-,-,-,-,-,-,-,-,-,-,-,-,-,-,-,-,-,-,-,-,-,-,-,-,-,-,-,-,-,-,-,-,-,-,-,-,-,-,-,-,-,-,-,-,-,-,-,-,-,-
"남부",여주시,-,-,-,-,-,-,-,-,-,-,-,-,-,-,-,-,-,-,-,-,-,-,-,-,-,-,-,-,-,-,-,-,-,-,-,-,-,-,-,-,-,-,-,-,-,-,-,-,-,-,-,-,-,-,-,-,-,-,-,-,-,-,-,-,-,-,-,-,-,-,-,-,-,-,-,-,-,-,106,1793,-,-,4,656,48,169,-,-,4,923,26,-,-,-,22,-,-,-,2,45,-,1,9,13,109,1793,-,-,4,656,48,169,-,-,4,923,29,-,-,-,22,-,-,-,2,45,-,1,9,13,110,1837,-,-,4,682,48,167,-,-,4,943,30,-,-,-,22,-,-,-,2,45,-,1,9,13,114,1967,-,-,4,802,50,167,-,-,4,953,32,-,-,-,22,-,-,-,2,45,-,1,9,13,117,1949,-,-,4,802,50,149,-,-,4,953,34,-,-,-,23,-,-,-,2,45,-,1,9,13,122,2044,-,-,2,276,51,108,2,578,5,1037,33,-,-,-,27,-,-,-,2,45,-,1,9,13,120,2055,-,-,4,265,48,71,2,539,4,1135,33,-,-,-,27,-,-,-,2,45,-,1,9,13,121,2115,-,-,2,265,49,67,2,534,6,1147,32,-,1,57,27,-,-,-,2,45,-,1,9,13
"남부",양평군,85,735,-,-,2,205,36,166,-,-,6,364,18,-,-,-,23,-,-,-,-,-,-,1,10,14,84,742,-,-,2,209,35,170,-,-,6,363,18,-,-,-,23,-,-,-,-,-,-,1,10,14,126,942,-,-,2,209,76,170,-,-,6,563,19,-,-,-,23,-,-,-,-,-,-,1,10,14,91,897,-,-,2,209,35,129,-,-,7,559,21,-,-,-,26,-,-,-,-,-,-,1,10,15,95,971,-,-,3,435,35,24,-,-,7,462,22,-,1,50,27,-,-,-,-,-,-,1,10,15,102,1184,-,-,2,286,39,58,-,-,8,790,25,-,1,50,27,-,-,-,-,-,-,1,10,15,104,1150,-,-,2,292,39,70,-,-,8,738,25,-,1,50,29,-,-,-,-,-,-,1,10,15,106,1262,-,-,2,316,43,87,-,-,8,809,26,-,1,50,26,-,-,-,-,-,-,1,10,15,110,1316,-,-,2,313,41,87,-,-,9,866,28,-,1,50,29,-,-,-,-,-,-,1,10,16,113,1271,-,-,2,311,41,78,-,-,8,832,29,-,1,50,32,-,-,-,-,-,-,1,10,16,112,1351,-,-,2,339,43,45,-,-,8,917,28,-,1,50,30,-,-,-,-,-,-,1,10,16
"북부",소계,2809,27544,16,6207,59,7028,1337,5228,12,2650,49,6048,763,8,8,346,559,26,2,3,4,-,1,11,42,46,2903,29378,15,6157,65,7666,1372,5021,13,3055,55,7153,794,7,6,262,578,57,1,-,4,-,1,11,44,46,3044,33063,15,6206,80,9700,1588,4844,11,2595,65,9429,660,7,5,215,617,57,-,-,3,10,1,11,49,41,3074,33898,15,6244,81,9741,1415,4614,10,2428,71,10567,834,-,6,243,634,57,2,3,6,1,1,11,41,44,3203,36565,15,6248,81,10078,1466,4176,14,3173,79,12449,873,7,7,282,662,149,2,3,4,-,1,11,42,44,3284,37405,15,6196,78,9686,1502,4167,13,3107,82,13769,901,-,7,320,680,157,2,3,4,-,1,11,41,44,3242,37109,15,6230,73,8314,1522,4007,11,2588,88,15393,835,-,8,373,684,203,2,1,4,-,1,11,41,44,3349,39328,15,6439,68,9682,1564,3284,8,1689,103,17646,857,95,5,232,723,260,2,1,4,-,1,12,41,44,3398,38330,16,6634,72,8206,1619,3098,10,1813,106,18000,826,7,7,301,734,268,1,3,7,-,1,12,41,44,3657,38649,17,6628,80,7066,1675,2950,13,2276,104,18781,997,7,8,569,757,347,1,3,5,22,1,12,41,44,3833,40437,18,6982,72,6770,1923,2866,19,3604,111,18807,909,7,15,929,761,472,-,-,5,-,2,12,38,44
"북부",의정부시,454,4622,3,1161,11,1787,221,719,3,574,3,325,126,-,1,53,81,-,2,3,3,-,-,1,1,-,463,4961,3,1149,12,2039,221,574,4,814,3,333,132,-,1,52,83,-,1,-,3,-,-,1,1,-,330,5156,3,1139,16,2314,222,590,4,809,2,252,1,-,1,52,81,-,-,-,-,-,-,1,-,-,466,4983,3,1139,16,2370,224,543,3,640,2,242,129,-,1,49,84,-,1,-,3,-,-,1,-,-,487,5726,3,1135,17,2694,236,610,3,640,4,598,132,-,1,49,87,-,1,-,3,-,-,1,-,-,492,5401,3,1138,17,2725,241,577,1,240,4,672,134,-,1,49,87,-,1,-,3,-,-,1,-,-,400,4976,3,1126,12,1499,245,458,3,943,5,900,39,-,1,49,88,-,1,1,3,-,-,1,-,-,517,5005,3,1172,15,2345,252,435,-,-,5,1003,140,-,1,49,97,-,1,1,3,-,-,1,-,-,393,5633,4,1424,14,2088,261,435,-,-,9,1569,1,-,3,117,97,-,-,-,4,-,-,1,-,-,543,5658,4,1376,13,1675,273,376,2,346,8,1605,145,-,3,271,95,9,-,-,-,-,-,1,-,-,556,6022,5,1730,12,1266,274,356,4,753,8,1547,148,-,4,351,98,19,-,-,3,-,-,1,1,-
"북부",동두천시,74,1661,-,-,2,282,34,189,1,270,7,920,17,-,-,-,13,-,-,-,-,-,-,1,-,-,76,1739,-,-,2,282,34,170,1,270,7,1017,18,-,-,-,14,-,-,-,-,-,-,1,-,-,59,1838,-,-,2,281,34,170,1,270,8,1117,-,-,-,-,14,-,-,-,-,-,-,1,-,-,81,2207,-,-,2,289,37,166,1,270,8,1482,20,-,-,-,13,-,-,-,-,-,-,1,-,-,84,2190,-,-,2,284,38,190,1,270,8,1446,20,-,-,-,15,-,-,-,-,-,-,1,-,-,90,2463,-,-,1,185,38,203,1,285,9,1790,25,-,-,-,16,-,-,-,-,-,-,1,-,-,91,2675,-,-,1,185,39,182,1,285,10,2023,25,-,-,-,15,-,-,-,-,-,-,1,-,-,92,2834,-,-,1,185,38,175,1,285,10,2189,26,-,-,-,16,-,-,-,-,-,-,1,-,-,94,2425,-,-,1,171,41,154,1,285,9,1815,26,-,-,-,16,-,-,-,-,-,-,1,-,-,96,2381,-,-,1,172,41,154,-,-,10,2055,26,-,-,-,18,-,-,-,-,-,-,1,-,-,95,2373,-,-,1,172,40,153,-,-,10,2048,27,-,-,-,17,-,-,-,-,-,-,1,-,-
"북부",고양시,1000,9943,5,3118,20,2470,476,1525,2,409,17,2207,269,7,4,185,207,22,-,-,-,-,-,3,-,-,1023,10774,5,3170,23,2749,489,1538,2,574,17,2581,275,7,2,102,209,53,-,-,1,-,-,3,-,-,1196,11003,5,3185,20,2461,636,1409,1,299,22,3487,282,7,2,102,227,53,-,-,1,-,-,3,-,-,1058,11552,5,3143,22,2689,491,1341,1,299,23,3933,284,-,3,133,229,14,-,-,-,-,-,3,-,-,1105,11908,5,3137,20,2224,507,1233,5,1007,24,4061,298,7,3,133,243,106,-,-,-,-,-,3,-,-,1137,12587,5,3162,21,2398,520,1231,5,1027,26,4556,303,-,2,102,255,111,-,-,-,-,-,3,-,-,1134,12447,5,3158,20,2055,519,1183,5,1003,26,4759,304,-,2,122,253,167,-,-,-,-,-,3,-,-,1169,12847,5,3259,19,2067,534,1067,6,1106,28,5025,307,7,2,122,268,194,-,-,-,-,-,3,1,-,1181,12289,5,3271,17,1639,541,980,6,1187,28,4900,309,7,2,123,271,182,-,-,2,-,-,3,1,-,1199,12807,6,3457,24,1751,546,875,6,1153,25,5171,311,7,3,189,277,204,-,-,1,-,-,3,-,-,1242,13092,6,3395,20,2108,580,898,6,1124,31,5151,318,7,4,235,276,174,-,-,1,-,-,3,-,-
"북부",구리시,244,1623,1,607,7,597,117,419,-,-,-,-,72,-,-,-,47,-,-,-,-,-,-,1,2,-,247,1662,1,597,7,607,117,458,-,-,-,-,75,-,-,-,47,-,-,-,-,-,-,1,2,-,250,2107,1,597,9,907,117,388,1,135,1,80,73,-,-,-,48,-,-,-,-,-,-,1,2,-,253,2266,1,594,9,909,118,386,1,137,2,240,72,-,-,-,50,-,-,-,-,-,-,1,1,-,266,2873,1,578,12,1444,121,349,1,137,2,365,77,-,-,-,52,-,-,-,-,-,-,1,2,-,268,2385,1,579,9,968,120,322,1,137,2,379,79,-,-,-,56,-,-,-,-,-,-,1,2,-,293,2334,1,577,9,1070,135,308,-,-,2,379,88,-,-,-,58,-,-,-,-,-,-,1,2,-,220,2906,1,581,9,1036,143,300,-,-,5,901,-,88,-,-,62,-,-,-,-,-,-,1,2,-,315,2698,1,594,8,919,145,284,-,-,5,901,92,-,-,-,64,-,-,-,-,-,-,1,2,-,320,2503,1,482,9,850,146,251,1,137,4,783,93,-,-,-,66,-,-,-,-,-,-,1,2,-,336,2590,1,461,8,745,150,242,1,137,4,812,100,-,2,144,70,49,-,-,-,-,-,1,2,-
"북부",남양주시,463,4650,4,950,8,784,213,1002,2,522,9,1391,126,1,-,-,100,-,-,-,1,-,-,1,8,4,485,4663,3,840,8,815,224,1019,2,522,10,1467,134,-,-,-,104,-,-,-,-,-,-,1,9,4,524,5245,3,847,12,1169,243,959,2,522,10,1748,140,-,-,-,114,-,-,-,-,-,-,1,11,4,542,5360,3,932,12,1158,243,903,2,522,11,1842,152,-,-,-,118,-,1,3,-,-,-,1,7,3,570,5477,3,942,11,1057,257,758,2,522,13,2195,161,-,-,-,122,-,1,3,-,-,-,1,7,3,594,5471,3,848,11,1102,273,745,2,522,13,2251,166,-,-,-,125,-,1,3,-,-,-,1,6,3,594,6015,3,848,12,1302,264,789,-,-,16,3043,171,-,1,33,126,-,1,-,-,-,-,1,6,3,608,6149,3,898,11,1140,273,600,-,-,19,3511,172,-,-,-,129,-,1,-,-,-,-,2,5,3,622,5292,3,776,11,936,282,527,2,76,17,2954,177,-,-,-,129,20,1,3,-,-,-,2,5,3,676,5474,3,727,12,993,305,588,2,76,17,2949,194,-,-,48,139,68,1,3,3,22,-,2,6,3,671,5925,3,810,11,932,300,569,4,724,16,2776,195,-,1,48,141,66,-,-,-,-,-,2,2,3
"북부",파주시,272,1712,1,110,7,565,134,489,1,299,3,218,72,-,1,31,53,-,-,-,-,-,-,1,5,7,297,2079,1,140,8,601,140,489,1,299,7,519,78,-,1,31,61,-,-,-,-,-,-,1,5,7,350,2813,1,172,11,767,182,634,1,299,8,900,80,-,1,31,64,-,-,-,2,10,-,1,5,7,335,3118,1,172,10,774,150,634,1,299,11,1207,89,-,1,31,69,-,-,-,3,1,-,1,6,7,349,3682,1,192,9,645,158,421,1,299,14,2094,95,-,1,31,69,-,-,-,1,-,-,1,6,7,351,3654,1,201,9,623,157,395,1,299,13,2065,98,-,2,71,69,-,-,-,1,-,-,1,6,7,377,3879,1,192,11,1007,167,409,-,-,14,2193,108,-,2,71,73,7,-,-,1,-,-,1,6,7,376,4345,1,211,2,1156,165,318,-,-,17,2600,108,-,1,31,81,29,-,-,1,-,-,1,6,7,401,4378,1,213,10,969,176,321,-,-,18,2815,111,-,1,31,83,29,-,-,1,-,-,1,6,7,416,4693,1,200,11,674,183,321,1,299,19,3139,114,-,1,31,85,29,-,-,1,-,-,1,6,7,511,5168,1,200,11,813,392,271,1,299,21,3407,-,-,2,61,82,117,-,-,1,-,1,1,6,7
"북부",양주시,116,1176,-,-,1,178,56,298,2,375,3,325,32,-,-,-,22,-,-,-,-,-,-,1,2,4,123,1321,-,-,2,208,59,164,2,375,4,574,32,-,-,-,24,-,-,-,-,-,-,1,2,4,132,2093,-,-,4,822,63,142,1,261,5,868,32,-,-,-,27,-,-,-,-,-,-,1,2,3,133,1567,-,-,4,473,63,187,1,261,5,617,33,-,-,-,27,29,-,-,-,-,-,1,2,3,135,2101,-,-,5,1001,61,159,1,298,5,614,34,-,-,-,29,29,-,-,-,-,-,1,2,3,137,2073,-,-,3,356,61,265,1,298,8,1125,36,-,-,-,28,29,-,-,-,-,-,1,2,3,138,1993,-,-,3,356,62,175,1,298,8,1135,37,-,-,-,27,29,-,-,-,-,-,1,2,3,147,2729,-,-,5,926,65,146,1,298,10,1322,40,-,-,-,26,37,-,-,-,-,-,1,2,3,164,2762,-,-,5,700,75,74,1,265,11,1704,44,-,-,-,28,19,-,-,-,-,-,1,2,3,174,2286,-,-,5,354,80,76,1,265,11,1572,47,-,-,-,30,19,-,-,-,-,-,1,2,3,188,2366,-,-,4,305,88,97,2,368,10,1507,52,-,1,60,31,29,-,-,-,-,-,1,2,3
"북부",포천시,105,1138,2,261,1,99,52,318,-,-,5,413,28,-,1,47,16,-,-,-,-,-,-,1,12,9,105,1138,2,261,1,99,52,318,-,-,5,413,28,-,1,47,16,-,-,-,-,-,-,1,13,9,112,1682,2,266,3,512,52,284,-,-,6,620,29,-,-,-,20,-,-,-,-,-,-,1,12,9,114,1421,2,264,2,262,51,287,-,-,6,598,31,-,-,-,22,10,-,-,-,-,-,1,13,9,114,1436,2,264,2,262,51,230,-,-,6,670,31,-,-,-,22,10,-,-,-,-,-,1,13,9,121,1977,2,268,3,512,55,244,1,299,5,637,33,-,-,-,22,17,-,-,-,-,-,1,13,9,121,1802,2,329,2,423,55,324,1,59,5,667,34,-,-,-,22,-,-,-,-,-,-,1,13,9,123,1438,2,318,3,413,57,70,-,-,5,637,34,-,-,-,22,-,-,-,-,-,-,1,13,9,127,1731,2,356,3,370,59,144,-,-,5,843,35,-,-,-,23,18,-,-,-,-,-,1,13,9,132,1745,2,386,2,220,62,130,-,-,6,991,36,-,-,-,24,18,-,-,-,-,-,1,13,9,132,1735,2,386,2,220,61,130,-,-,6,981,37,-,-,-,24,18,-,-,-,-,-,1,13,9
"북부",연천군,29,229,-,-,-,-,14,100,-,-,1,129,7,-,-,-,7,-,-,-,-,-,1,-,7,7,32,251,-,-,-,-,16,122,-,-,1,129,8,-,-,-,7,-,-,-,-,-,1,-,7,7,52,851,-,-,3,467,22,122,-,-,2,228,9,-,1,30,15,4,-,-,-,-,1,-,7,7,33,299,-,-,-,-,16,115,-,-,1,184,9,-,-,-,7,-,-,-,-,-,1,-,7,7,33,303,-,-,-,-,15,119,-,-,1,184,9,-,-,-,8,-,-,-,-,-,1,-,7,7,35,293,-,-,-,-,16,109,-,-,1,184,11,-,-,-,7,-,-,-,-,-,1,-,7,7,34,267,-,-,-,-,14,83,-,-,1,184,12,-,-,-,7,-,-,-,-,-,1,-,7,7,33,281,-,-,-,-,13,83,-,-,1,198,12,-,-,-,7,-,-,-,-,-,1,-,7,7,33,281,-,-,-,-,13,83,-,-,1,198,12,-,-,-,7,-,-,-,-,-,1,-,7,7,32,281,-,-,-,-,13,83,-,-,1,198,11,-,-,-,7,-,-,-,-,-,1,-,7,7,33,281,-,-,-,-,13,83,-,-,1,198,12,-,-,-,7,-,-,-,-,-,1,-,7,7
"북부",가평군,52,790,-,-,2,266,20,169,1,201,1,120,14,-,1,30,13,4,-,-,-,-,-,1,5,15,52,790,-,-,2,266,20,169,1,201,1,120,14,-,1,30,13,4,-,-,-,-,-,1,5,15,39,275,-,-,-,-,17,146,-,-,1,129,14,-,-,-,7,-,-,-,-,-,-,1,10,11,59,1125,-,-,4,817,22,52,-,-,2,222,15,-,1,30,15,4,-,-,-,-,-,1,5,15,60,869,-,-,3,467,22,107,-,-,2,222,16,-,2,69,15,4,-,-,-,-,-,1,5,15,59,1101,-,-,4,817,21,76,-,-,1,110,16,-,2,98,15,-,-,-,-,-,-,1,5,15,60,721,-,-,3,417,22,96,-,-,1,110,17,-,2,98,15,-,-,-,-,-,-,1,5,15,64,794,-,-,3,414,24,90,-,-,3,260,18,-,1,30,15,-,-,-,-,-,-,1,5,15,68,841,-,-,3,414,26,96,-,-,3,301,19,-,1,30,16,-,-,-,-,-,-,1,5,15,69,821,-,-,3,377,26,96,-,-,3,318,20,-,1,30,16,-,-,-,-,-,-,1,5,15,69,885,-,-,3,209,25,67,1,199,4,380,20,-,1,30,15,-,-,-,-,-,-,1,5,15
