"전출지별","전입지별",2022.02,2022.03,2022.04,2010,2011,2012,2013,2014,2015,2016,2017,2018,2019,2020,2021
"전출지별","전입지별",이동자수 (명),이동자수 (명),이동자수 (명),이동자수 (명),이동자수 (명),이동자수 (명),이동자수 (명),이동자수 (명),이동자수 (명),이동자수 (명),이동자수 (명),이동자수 (명),이동자수 (명),이동자수 (명),이동자수 (명)
"전국","전국",664152,587154,482543,8226594,8127195,7506691,7411784,7629098,7755286,7378430,7154226,7297099,7104398,7735491,7213422
"전국","서울특별시",142156,122917,95228,1733015,1721748,1555281,1520090,1573594,1589431,1515602,1472937,1439707,1426493,1578127,1418187
"전국","부산광역시",44855,33217,27600,519334,508043,461042,478451,485710,507031,459015,439073,416095,411704,491829,441323
"전국","대구광역시",27106,26616,22179,370817,370563,348642,351873,350213,351424,328228,321182,321158,312419,347248,304761
"전국","인천광역시",38363,35413,30449,462051,499567,468666,461613,452297,473223,441646,409465,433639,420014,444556,433137
"전국","광주광역시",18406,18246,13529,268574,260561,228612,226696,243066,224603,213176,208138,218892,217130,226163,212888
"전국","대전광역시",22275,19200,15139,262432,264244,239635,230858,239559,220774,219252,211449,212879,212424,232321,211565
"전국","울산광역시",11693,10116,8760,161146,164963,161433,159492,176015,170393,148190,135199,127922,142056,136112,129880
"전국","세종특별자치시",8610,5826,4874,-,-,32784,23805,56526,83994,65052,82073,86433,82398,78934,76912
"전국","경기도",162769,147430,126702,2168820,2062422,1944962,1895434,1891775,1993080,1958593,1888324,2041715,1940962,2152572,2036215
"전국","강원도",21403,19075,16251,241738,236077,225896,217917,228369,227125,223484,211653,216398,217626,223354,217103
"전국","충청북도",19541,18547,14661,235671,228594,212263,215973,215944,214626,202679,197177,218886,211396,229895,214300
"전국","충청남도",28340,24976,20594,317853,321187,287195,281428,289627,289952,286764,288738,292305,258790,287127,282195
"전국","전라북도",20238,18390,14998,305789,308011,271835,258198,274337,261832,248188,232047,243324,228775,249083,223710
"전국","전라남도",21012,19299,15644,265600,261239,239026,244329,260278,250104,234132,227504,224384,224483,239016,223619
"전국","경상북도",29187,27572,21380,354575,363511,335362,329118,337041,344730,315652,311061,309446,306511,317701,317866
"전국","경상남도",37497,31791,27812,481955,473757,414556,427658,462239,455384,411952,413179,389714,396251,403339,374782
"전국","제주특별자치도",10701,8523,6743,77224,82708,79501,88851,92508,97580,106825,105027,104202,94966,98114,94979
"서울특별시","전국",138891,123192,99394,1848038,1834806,1658928,1620640,1661425,1726687,1655859,1571423,1549937,1476081,1642977,1524430
"서울특별시","서울특별시",86873,76912,63149,1199708,1215122,1069300,1053008,1098023,1129529,1061915,1018807,979576,950627,1068113,957064
"서울특별시","부산광역시",1465,1211,848,17418,18816,16135,16153,17320,17009,15062,14484,13093,12805,13209,13078
"서울특별시","대구광역시",997,867,608,10277,10397,10135,10631,10062,10191,9623,8891,8446,7897,8792,8350
"서울특별시","인천광역시",4531,4126,3199,46082,51641,49640,47424,43212,44915,43745,40485,41233,38571,39875,44859
"서울특별시","광주광역시",743,674,436,11095,10587,10154,9129,9759,9216,8354,7932,7378,7014,7178,7145
"서울특별시","대전광역시",1558,1174,725,13819,13900,14080,13440,13403,13453,12619,11815,11591,10759,11033,11144
"서울특별시","울산광역시",489,367,259,4742,5188,5691,5542,6047,5950,5102,4260,4086,3827,4085,4065
"서울특별시","세종특별자치시",643,464,357,-,-,2998,2851,6481,7550,5943,5813,5861,5919,5546,5580
"서울특별시","경기도",29413,26817,21920,410735,373771,354135,340801,332785,359337,370760,342433,368536,334293,375867,362116
"서울특별시","강원도",2189,2125,1551,22736,23624,22332,20601,21173,22659,21590,21016,19558,19105,20701,20974
"서울특별시","충청북도",1413,1352,882,15461,15318,14555,13783,14244,14379,14087,13302,13406,12543,13068,13170
"서울특별시","충청남도",2032,1926,1439,24522,24723,22269,21486,21473,22299,21741,21020,20426,18522,19814,20129
"서울특별시","전라북도",1285,1006,791,17569,17755,16120,14909,14566,14835,13835,13179,11989,11058,11638,11906
"서울특별시","전라남도",1314,919,787,16429,15974,14765,14187,14591,14598,13065,12426,11209,11334,11210,11305
"서울특별시","경상북도",1387,1342,944,16042,15818,15191,14420,14456,15113,14236,12464,12017,11935,11987,12568
"서울특별시","경상남도",1335,1091,856,15689,16039,14474,14447,14799,15220,13717,12692,11703,11369,11647,11583
"서울특별시","제주특별자치도",1224,819,643,5714,6133,6954,7828,9031,10434,10465,10404,9829,8503,9214,9394
"부산광역시","전국",45329,35205,29188,547800,532906,481652,496161,500802,520591,480407,467471,442854,435058,506176,460226
"부산광역시","서울특별시",2886,2145,1350,23116,23016,21437,19621,20616,19441,19236,19460,19737,20285,20990,20009
"부산광역시","부산광역시",30475,22847,20130,393530,376930,340468,358352,353282,376345,340521,321606,308712,302110,370291,325157
"부산광역시","대구광역시",631,716,305,5066,4981,5225,5027,5300,4553,4616,4506,4505,4220,4674,4720
"부산광역시","인천광역시",309,268,200,3230,3741,3180,2986,3143,3185,3092,2994,2902,3055,2980,2758
"부산광역시","광주광역시",132,106,78,1338,1329,1430,1047,1856,1195,1100,1073,1011,992,1142,1139
"부산광역시","대전광역시",307,186,140,2266,2511,2436,2125,2150,2209,2211,2159,2180,2172,2144,2124
"부산광역시","울산광역시",1009,868,674,11106,11866,11465,11600,12305,11810,10015,9423,9076,9084,9111,9112
"부산광역시","세종특별자치시",124,91,43,-,-,445,261,480,929,855,862,943,898,967,917
"부산광역시","경기도",1766,1460,1169,19961,20127,17454,15931,16623,16441,16401,15837,16705,16422,17440,17339
"부산광역시","강원도",239,198,155,2569,2548,2130,2158,2085,2305,2104,2221,1943,2077,2102,2102
"부산광역시","충청북도",223,195,138,1986,1997,1779,1736,1968,2023,1877,2050,1980,1897,1924,2041
"부산광역시","충청남도",319,274,209,3893,3758,3334,2909,3664,3164,3160,3242,3053,3039,3006,3147
"부산광역시","전라북도",175,128,85,1695,1993,1790,1519,1600,1680,1604,1566,1333,1443,1565,1460
"부산광역시","전라남도",363,283,215,3545,3743,3379,3367,3277,3586,3380,3269,3369,3479,3373,3088
"부산광역시","경상북도",1005,885,649,10837,10860,10327,9776,10464,10768,9400,9096,8763,8950,9042,9907
"부산광역시","경상남도",5026,4299,3453,61882,61631,53445,55750,59858,58222,57887,65114,53816,52284,52857,52489
"부산광역시","제주특별자치도",340,256,195,1780,1875,1928,1996,2131,2735,2948,2993,2826,2651,2568,2717
"대구광역시","전국",29400,26248,23023,382657,383310,359206,363224,365739,364364,337488,333118,335400,336092,364083,329080
"대구광역시","서울특별시",2107,1601,983,13915,13310,13838,13673,13735,13038,12802,13011,13749,14515,15216,14136
"대구광역시","부산광역시",813,542,332,5050,4906,5216,5543,6157,5182,4860,4840,4705,5166,5453,5058
"대구광역시","대구광역시",17453,16213,16010,274649,276495,254661,258107,252642,259185,240722,236143,235621,231169,256068,221685
"대구광역시","인천광역시",210,189,126,1968,2000,1979,2202,2015,1987,1962,1930,1968,2090,2112,2014
"대구광역시","광주광역시",78,35,31,527,577,711,622,902,629,547,515,549,575,624,630
"대구광역시","대전광역시",297,234,143,1956,2063,2144,2219,2254,2085,1949,1978,2067,2167,2254,2239
"대구광역시","울산광역시",331,266,176,3551,3586,3844,3833,3835,3675,3266,2604,2601,2830,2941,2729
"대구광역시","세종특별자치시",160,101,67,-,-,261,233,526,879,642,827,887,818,879,841
"대구광역시","경기도",1487,1221,859,14596,13320,13581,13659,12813,12322,11918,12354,13227,13556,15024,14014
"대구광역시","강원도",188,159,121,2039,1843,1807,1820,1884,1884,1748,1657,1676,1712,1947,1866
"대구광역시","충청북도",283,204,151,1784,1849,1943,1958,2026,1957,1771,1824,2017,2172,2245,2284
"대구광역시","충청남도",269,244,189,2730,2647,2706,2599,2682,2509,2323,2578,2510,2550,2644,2588
"대구광역시","전라북도",99,89,52,860,1003,878,985,996,940,920,911,840,828,940,915
"대구광역시","전라남도",138,112,88,985,947,977,948,985,953,907,897,984,989,1044,1007
"대구광역시","경상북도",4336,4146,3052,47895,49300,44922,45035,51852,46900,41444,41714,42744,45417,45117,47632
"대구광역시","경상남도",974,735,537,9521,8821,8965,8941,9374,8922,8313,7704,7684,8115,8214,8040
"대구광역시","제주특별자치도",177,157,106,631,643,773,847,1061,1317,1394,1631,1571,1423,1361,1402
"인천광역시","전국",36356,33053,29160,458439,470758,440872,439578,442973,463685,435869,411135,433706,422351,460304,421714
"인천광역시","서울특별시",3723,3253,2410,35670,33008,32216,33017,34380,33570,32486,32528,32415,34760,38409,34346
"인천광역시","부산광역시",257,207,173,2738,3213,2691,2677,3088,2930,2616,2620,2107,2165,2381,2150
"인천광역시","대구광역시",173,185,102,1628,1585,1702,1795,1734,1691,1551,1590,1502,1542,1577,1399
"인천광역시","인천광역시",22520,20508,19045,303966,325441,297979,297446,295375,314622,290783,266394,287236,276081,297626,277313
"인천광역시","광주광역시",162,129,91,2492,1979,1884,1939,2007,1894,1762,1518,1451,1349,1543,1422
"인천광역시","대전광역시",334,208,146,2589,2820,2873,2673,2736,2756,2616,2552,2263,2359,2476,2407
"인천광역시","울산광역시",100,57,54,949,1081,1116,1289,1083,1359,1080,962,778,757,793,840
"인천광역시","세종특별자치시",125,91,65,-,-,597,592,990,1496,1398,1265,1125,1186,1117,1038
"인천광역시","경기도",5594,5295,4579,71031,65332,65127,63331,65903,66353,66764,67838,72932,70868,81497,67980
"인천광역시","강원도",578,571,382,5808,5695,5339,5573,5549,5904,5598,5396,5125,5190,5544,5421
"인천광역시","충청북도",461,444,328,4347,3952,4167,4172,4210,4624,4303,4051,4191,3999,4268,4140
"인천광역시","충청남도",781,813,646,9985,9332,8591,8752,8964,9101,8728,8730,8194,7671,8102,8302
"인천광역시","전라북도",324,259,251,4379,4347,3987,3577,3745,3581,3756,3502,3087,2970,3321,3122
"인천광역시","전라남도",302,233,250,4257,4023,3725,3751,3848,3876,3523,3205,3089,3227,3242,3112
"인천광역시","경상북도",321,349,279,3833,4217,4200,3944,3950,3982,3589,3352,3173,3274,3394,3563
"인천광역시","경상남도",309,247,188,3515,3501,3242,3330,3470,3670,2941,2919,2712,2700,2719,2817
"인천광역시","제주특별자치도",292,204,171,1252,1232,1436,1720,1941,2276,2375,2713,2326,2253,2295,2342
"광주광역시","전국",19894,19503,14671,265043,259282,230437,229288,246043,233875,221074,216256,225108,221005,232246,218771
"광주광역시","서울특별시",1490,1127,728,12642,11917,11811,10964,11518,10860,10432,10561,10859,10727,11232,10330
"광주광역시","부산광역시",149,109,73,1283,1206,1447,1157,1667,1418,1264,1135,1117,1102,1182,1128
"광주광역시","대구광역시",67,83,40,536,572,668,676,746,547,577,647,614,545,555,568
"광주광역시","인천광역시",246,178,136,2255,2155,2157,2109,2010,2167,2080,2000,1993,2035,1887,1971
"광주광역시","광주광역시",11924,12769,9560,183496,179871,152570,155265,164321,150777,145582,142174,149703,149352,158517,148167
"광주광역시","대전광역시",183,183,118,1633,1705,1575,1610,1665,1481,1537,1383,1475,1389,1519,1350
"광주광역시","울산광역시",52,31,17,437,428,642,448,518,538,398,322,342,355,355,257
"광주광역시","세종특별자치시",90,66,36,-,-,278,239,593,926,706,777,897,754,837,794
"광주광역시","경기도",1075,884,699,13061,11716,11920,10895,11972,10788,10004,9812,10740,10264,10631,10116
"광주광역시","강원도",105,74,63,1077,891,872,899,954,1029,827,859,730,783,826,845
"광주광역시","충청북도",133,109,71,831,931,849,782,945,970,848,910,1028,1023,997,1067
"광주광역시","충청남도",208,215,163,1900,2083,1858,1843,2215,2053,1966,1986,2016,1780,1954,1910
"광주광역시","전라북도",591,554,407,5742,5785,5972,5549,5798,5632,5618,5288,5072,4940,5537,5239
"광주광역시","전라남도",3183,2818,2360,37069,36775,34736,33736,37356,40882,35818,35140,35234,33024,33145,31992
"광주광역시","경상북도",108,93,67,850,881,856,819,981,1008,835,829,826,766,770,839
"광주광역시","경상남도",149,119,81,1520,1605,1457,1475,1767,1643,1453,1242,1284,1142,1233,1216
"광주광역시","제주특별자치도",141,91,52,711,761,769,822,1017,1156,1129,1191,1178,1024,1069,982
"대전광역시","전국",22615,19777,15463,263477,260900,239136,230547,248397,241390,229883,227624,227632,228766,243418,220496
"대전광역시","서울특별시",2135,1564,892,15793,14890,14570,14156,14172,13559,13726,14118,14221,14725,15116,13854
"대전광역시","부산광역시",222,192,117,1976,2074,2013,1986,2190,2054,1807,1762,1608,1743,1855,1796
"대전광역시","대구광역시",172,189,114,1757,1848,1734,1762,1818,1667,1710,1524,1525,1473,1608,1502
"대전광역시","인천광역시",329,281,192,2762,2782,2812,2662,2621,2516,2463,2458,2577,2567,2594,2511
"대전광역시","광주광역시",129,89,79,1512,1261,1130,1247,1248,1321,1089,1026,1135,1091,1150,1124
"대전광역시","대전광역시",12410,11489,9605,175962,175460,152381,148793,156961,139609,138876,131656,133318,133995,150580,131535
"대전광역시","울산광역시",68,62,39,745,728,952,822,909,939,662,621,595,641,700,601
"대전광역시","세종특별자치시",1438,954,793,-,-,8907,4012,14093,25788,17575,23707,22180,20314,15425,14044
"대전광역시","경기도",1656,1451,1014,18022,16492,15967,15775,15189,15354,15141,14807,15399,16320,16584,16071
"대전광역시","강원도",225,201,173,2603,2877,2411,2737,2400,2423,2213,2302,2094,2297,2217,2251
"대전광역시","충청북도",932,852,634,8847,8847,8116,8308,8256,8265,7748,7653,7902,8280,8869,8738
"대전광역시","충청남도",1600,1379,999,21192,21076,16747,16924,16552,16030,15824,15321,14673,14453,15797,15288
"대전광역시","전라북도",423,399,290,4300,4478,3952,3761,4116,3766,3552,3627,3358,3424,3816,3703
"대전광역시","전라남도",164,137,113,1815,1929,1714,1755,1799,1798,1672,1603,1569,1719,1610,1682
"대전광역시","경상북도",338,277,194,3190,3144,2841,2773,2851,2914,2767,2600,2599,2834,2680,2905
"대전광역시","경상남도",260,183,151,2549,2532,2349,2389,2483,2420,2174,2004,2063,2046,1981,2031
"대전광역시","제주특별자치도",114,78,64,452,482,540,685,739,967,884,835,816,844,836,860
"울산광역시","전국",13334,11410,9398,164671,163091,157427,157185,173229,170473,155812,147116,140576,152228,149696,143554
"울산광역시","서울특별시",975,698,444,6484,6278,6799,6347,6458,6954,6750,6708,6849,6955,7062,6686
"울산광역시","부산광역시",1399,906,638,10242,9762,9511,10589,11090,11255,10246,10467,9667,9534,11595,10253
"울산광역시","대구광역시",398,551,203,3150,2874,3054,3282,3275,3189,3216,3335,3056,2856,3242,2815
"울산광역시","인천광역시",105,128,85,989,968,1045,1054,1085,1249,1135,1033,1095,1199,1053,1015
"울산광역시","광주광역시",38,27,17,405,330,377,379,406,482,416,392,409,308,372,352
"울산광역시","대전광역시",125,67,64,929,855,863,779,839,890,984,907,844,797,865,843
"울산광역시","울산광역시",7147,6515,5910,113357,114569,109156,107253,122133,116131,103342,94789,88692,101983,95637,90468
"울산광역시","세종특별자치시",41,25,21,-,-,61,87,188,306,273,352,361,335,336,328
"울산광역시","경기도",738,589,481,5539,5598,5667,5863,5321,5847,5955,6435,6660,6918,6907,7027
"울산광역시","강원도",106,73,60,1094,967,947,897,989,1128,1040,947,927,950,992,987
"울산광역시","충청북도",133,95,81,1061,948,859,891,891,1162,990,977,1193,1036,974,1165
"울산광역시","충청남도",187,136,116,1591,1446,1353,1364,1452,1555,1493,1648,1660,1489,1630,1673
"울산광역시","전라북도",65,66,55,1302,1074,933,1198,1134,935,839,740,697,737,719,609
"울산광역시","전라남도",122,93,52,989,897,919,972,1064,1222,1099,1175,1091,1088,1093,951
"울산광역시","경상북도",889,743,609,8080,8018,7794,7808,7801,8715,8264,7875,8911,8023,9062,9892
"울산광역시","경상남도",818,643,520,9104,8178,7695,8022,8611,8772,9026,8521,7671,7278,7409,7871
"울산광역시","제주특별자치도",48,55,42,355,329,394,400,492,681,744,815,793,742,748,619
"세종특별자치시","전국",6741,5097,4062,-,-,15291,15109,23070,30950,35236,47383,55000,58674,65909,62827
"세종특별자치시","서울특별시",661,507,278,-,-,1015,1095,1497,2228,2812,3195,3724,4488,5107,4662
"세종특별자치시","부산광역시",72,48,24,-,-,147,184,235,364,343,443,530,577,600,573
"세종특별자치시","대구광역시",62,69,33,-,-,91,109,192,219,263,340,377,461,511,464
"세종특별자치시","인천광역시",81,75,45,-,-,264,312,322,451,537,632,771,901,901,777
"세종특별자치시","광주광역시",67,30,24,-,-,86,111,195,236,237,326,314,386,507,460
"세종특별자치시","대전광역시",799,629,540,-,-,2367,2350,2744,3684,4606,5871,6365,7032,8254,7376
"세종특별자치시","울산광역시",21,22,13,-,-,76,78,90,116,105,119,131,180,170,179
"세종특별자치시","세종특별자치시",3023,2091,1901,-,-,4704,4105,10455,13990,14546,23245,28450,28381,30045,30037
"세종특별자치시","경기도",571,440,379,-,-,1488,1602,1840,2585,3436,3755,4322,5070,5728,5276
"세종특별자치시","강원도",86,54,41,-,-,193,238,219,316,410,482,449,581,616,633
"세종특별자치시","충청북도",372,333,266,-,-,1970,1875,1868,2308,2626,2815,2973,3388,5253,4128
"세종특별자치시","충청남도",518,475,309,-,-,2074,2205,2344,2905,3351,3881,4167,4330,5105,5226
"세종특별자치시","전라북도",131,109,75,-,-,219,245,310,411,633,707,689,828,973,907
"세종특별자치시","전라남도",66,35,36,-,-,163,129,186,251,316,369,444,489,516,532
"세종특별자치시","경상북도",91,92,50,-,-,199,218,269,403,440,452,556,679,673,676
"세종특별자치시","경상남도",70,64,32,-,-,196,212,241,344,411,488,464,624,649,604
"세종특별자치시","제주특별자치도",50,24,16,-,-,39,41,63,139,164,263,274,279,301,317
"경기도","전국",160593,145242,123114,2026383,1986623,1862209,1821303,1834379,1898312,1824976,1772162,1871621,1806296,1984199,1885698
"경기도","서울특별시",25887,22398,17029,285963,272407,254175,246464,249701,239557,234357,234448,233320,242339,266375,237206
"경기도","부산광역시",1261,1120,739,15121,17591,14545,14261,15819,14973,13485,12853,11904,11272,11883,12003
"경기도","대구광역시",1071,939,623,10763,11163,11026,11009,10961,10043,9627,8872,8920,8250,8641,8725
"경기도","인천광역시",7080,6681,5424,67913,78724,76730,74479,71554,71513,65864,61797,63361,62673,64709,70208
"경기도","광주광역시",815,587,477,11678,11394,11286,9851,10751,9323,8232,7739,7417,7296,7318,7264
"경기도","대전광역시",1739,1294,946,16368,16547,16907,15832,15187,15266,14586,13935,13412,13072,12730,13056
"경기도","울산광역시",455,378,314,4733,5144,5700,5923,6068,6089,4712,3810,3960,3967,4016,4026
"경기도","세종특별자치시",838,565,492,-,-,5390,3974,7541,9672,7129,7006,7139,6923,6130,6272
"경기도","경기도",104230,95445,84860,1435269,1387806,1294565,1274495,1275072,1346264,1301101,1259187,1366502,1301708,1448061,1365816
"경기도","강원도",3244,2917,2371,31988,32456,31437,29598,29917,30961,29355,28698,27502,28229,29381,30583
"경기도","충청북도",2557,2655,1737,24463,25238,23711,22826,23613,23692,22618,22486,23057,21705,22158,23086
"경기도","충청남도",4009,3757,2978,41910,43735,37616,36185,37181,37791,37784,39295,37148,33393,35944,37868
"경기도","전라북도",1557,1394,1028,20759,21888,19854,18123,19776,18131,17045,16612,14759,14014,14549,14754
"경기도","전라남도",1270,1168,1062,18243,18124,16979,16302,17144,16804,15073,14431,14325,13781,13762,13481
"경기도","경상북도",1846,1789,1265,19488,20553,19406,18618,18608,20166,18022,16077,15073,15618,15533,17422
"경기도","경상남도",1412,1264,982,16289,17884,16342,15806,16408,17483,15049,13661,13428,13119,13348,13682
"경기도","제주특별자치도",1322,891,787,5435,5969,6540,7557,9078,10584,10937,11255,10394,8937,9661,10246
"강원도","전국",20515,18245,15293,241183,231424,225184,214931,226284,222352,221592,209618,220252,215965,217897,210422
"강원도","서울특별시",2254,1996,1323,22798,21559,21324,19954,20174,20030,19877,19761,20417,19895,20048,19259
"강원도","부산광역시",220,157,111,2333,2288,2198,2020,2183,2333,2167,2028,1935,1811,1814,1816
"강원도","대구광역시",165,197,124,1653,1703,1838,1701,1549,1735,1818,1536,1643,1435,1495,1485
"강원도","인천광역시",423,453,283,5092,4999,5407,5071,5148,5058,5080,4663,4832,4596,4353,4520
"강원도","광주광역시",81,61,44,882,861,843,805,828,945,751,730,711,626,685,728
"강원도","대전광역시",275,216,198,2976,3282,3257,2995,2867,2902,2783,2682,2529,2471,2344,2462
"강원도","울산광역시",62,46,48,1162,1050,1234,1095,1146,1103,939,766,737,684,688,694
"강원도","세종특별자치시",94,62,37,-,-,311,272,490,765,710,797,870,688,770,837
"강원도","경기도",2646,2312,1799,31431,28919,29601,27207,28207,28238,28369,27656,29402,27835,28504,28284
"강원도","강원도",12564,11159,10135,153165,147142,140649,136041,145250,140018,140921,130963,140086,139681,141063,133645
"강원도","충청북도",494,465,320,5144,4974,4553,4267,4440,4706,4890,4764,4650,4457,4217,4417
"강원도","충청남도",377,292,216,3854,4106,3548,3445,3550,3743,3316,3645,3373,2996,3299,3499
"강원도","전라북도",111,118,84,1453,1454,1528,1537,1470,1577,1464,1378,1289,1190,1281,1280
"강원도","전라남도",133,108,111,1587,1632,1509,1416,1521,1589,1497,1405,1290,1512,1313,1268
"강원도","경상북도",297,333,206,4014,4029,4057,3878,3916,3999,3593,3587,3361,3224,2958,3245
"강원도","경상남도",202,186,177,3157,2866,2737,2541,2731,2772,2483,2312,2192,2078,2268,2175
"강원도","제주특별자치도",117,84,77,482,560,590,686,814,839,934,945,935,786,797,808
"충청북도","전국",19187,17359,14051,229707,220515,207622,212860,213577,213188,197668,194915,213737,208831,226441,210838
"충청북도","서울특별시",1702,1429,891,14561,13753,13624,13209,13291,13197,13032,12961,13783,13806,14574,13521
"충청북도","부산광역시",169,168,100,1618,1628,1489,1565,1932,1757,1559,1660,1406,1470,1616,1581
"충청북도","대구광역시",165,213,141,1655,1555,1705,1693,1816,1450,1517,1443,1450,1530,1548,1600
"충청북도","인천광역시",354,343,250,3473,3428,3624,3429,3457,3509,3308,3416,3394,3463,3385,3372
"충청북도","광주광역시",100,59,52,906,836,783,716,904,711,647,680,729,798,769,864
"충청북도","대전광역시",990,767,590,8853,9120,8803,8442,8552,7749,7917,8014,7905,7866,8343,8682
"충청북도","울산광역시",78,52,57,755,782,954,1173,865,1057,716,633,576,669,688,715
"충청북도","세종특별자치시",624,430,337,-,-,2797,2794,5940,9061,5544,6270,5978,4948,5261,5277
"충청북도","경기도",2066,1766,1422,22388,21319,20488,20083,19697,20075,19803,19833,20949,21135,22133,22647
"충청북도","강원도",491,396,287,4563,4348,4312,4247,4736,4725,4420,4581,4089,4489,4615,4627
"충청북도","충청북도",10604,10027,8689,153067,145679,133461,139959,136614,133264,124156,119825,138870,133384,147153,131430
"충청북도","충청남도",737,637,543,8376,8200,6253,6056,6304,6580,6056,6387,6087,6182,6817,6742
"충청북도","전라북도",203,174,116,1823,1961,1744,1834,1773,1753,1692,1770,1696,1775,1883,1961
"충청북도","전라남도",133,112,95,1199,1248,1183,1209,1191,1344,1233,1232,1133,1168,1474,1266
"충청북도","경상북도",431,491,275,3869,3996,3722,3692,3606,3859,3410,3475,3122,3629,3493,3892
"충청북도","경상남도",210,200,133,2115,2193,2128,2119,2057,2259,1751,1726,1731,1714,1896,1826
"충청북도","제주특별자치도",130,95,73,486,469,552,640,842,838,907,1009,839,805,793,835
"충청남도","전국",27458,23851,19213,301675,302546,277346,268053,279817,279680,271446,269337,282221,259584,286386,273673
"충청남도","서울특별시",2369,2159,1277,23115,21674,20638,19680,19841,19144,18726,18582,19427,20484,21398,19358
"충청남도","부산광역시",250,193,133,2683,2881,2408,2328,2920,2548,2210,2303,2086,2143,2334,2293
"충청남도","대구광역시",210,242,142,1849,2128,1925,2038,2157,1999,1780,1754,1737,1741,1866,1780
"충청남도","인천광역시",636,621,456,7441,7214,7180,6793,6784,6636,6407,6251,6365,6599,6775,6636
"충청남도","광주광역시",156,124,109,1554,1617,1489,1450,1797,1468,1427,1447,1435,1417,1432,1506
"충청남도","대전광역시",1586,1416,1015,21341,21494,18126,16502,17037,15551,15298,15082,15349,15026,15978,14739
"충청남도","울산광역시",169,80,82,1044,1306,1158,1376,1227,1468,1136,947,1008,976,974,1014
"충청남도","세종특별자치시",731,501,435,-,-,4514,2915,6103,8384,5868,6587,6698,6495,6748,6307
"충청남도","경기도",3507,3087,2303,37414,35482,33244,31534,31925,33277,32054,31357,34619,36585,39591,37709
"충청남도","강원도",337,256,229,3507,3416,3209,2972,3085,3172,3022,2868,2935,2867,3193,3084
"충청남도","충청북도",658,696,459,7944,8297,6124,5844,6266,6253,5697,5828,5848,6079,6701,6721
"충청남도","충청남도",15247,13114,11461,177372,179652,161743,159556,165101,163496,163006,161612,169665,143953,163366,156509
"충청남도","전라북도",578,469,376,6125,6500,5523,5595,5451,5563,5278,5257,5332,5331,5881,5545
"충청남도","전라남도",260,200,190,2706,2794,2734,2596,2618,2593,2573,2481,2584,2834,2648,2724
"충청남도","경상북도",334,313,270,3536,3857,3362,3118,3437,3554,2934,2907,2982,2987,3160,3488
"충청남도","경상남도",314,268,199,3313,3479,3192,2894,3153,3480,2867,2804,2986,2953,3173,3151
"충청남도","제주특별자치도",116,112,77,731,755,777,862,915,1094,1163,1270,1165,1114,1168,1109
"전라북도","전국",20991,18954,15000,308237,306290,275126,260395,276900,264662,252607,239253,257097,241523,257577,229511
"전라북도","서울특별시",1797,1416,839,18777,17600,17180,15495,15902,14830,14993,14930,15664,15267,15153,13736
"전라북도","부산광역시",159,118,73,1518,1651,1508,1471,1621,1731,1582,1545,1344,1357,1364,1274
"전라북도","대구광역시",101,108,60,924,899,1033,1018,880,861,893,816,863,796,900,852
"전라북도","인천광역시",318,325,195,3844,3987,4075,3871,3588,3395,3415,3516,3724,3667,3774,3252
"전라북도","광주광역시",601,539,392,6355,6305,5896,5726,6221,5660,5733,5676,6186,5937,5797,5689
"전라북도","대전광역시",527,488,280,4814,5171,4788,4509,4572,4396,4303,4604,4634,4455,4462,4219
"전라북도","울산광역시",64,41,33,743,946,1081,1117,1099,1391,832,1288,1099,845,783,575
"전라북도","세종특별자치시",197,117,83,-,-,507,497,907,1422,1301,1551,1574,1474,1548,1455
"전라북도","경기도",1549,1324,1061,22008,20490,20407,17786,18053,17553,18083,18075,18439,17640,17805,16900
"전라북도","강원도",130,109,99,1480,1425,1438,1477,1600,1616,1521,1543,1326,1448,1319,1389
"전라북도","충청북도",229,213,168,2216,2179,1997,1939,2256,2271,2159,2195,2415,2295,2265,2411
"전라북도","충청남도",655,571,412,6514,6689,6150,5931,6067,6259,6096,6156,6310,6018,6540,6156
"전라북도","전라북도",13636,12728,10712,228881,228836,199254,189665,203725,193076,181657,167338,183346,170357,186458,162232
"전라북도","전라남도",549,433,305,5745,5579,5363,5452,5770,5304,5496,5458,5690,5617,5199,5160
"전라북도","경상북도",158,131,90,1569,1583,1598,1545,1499,1508,1381,1339,1352,1402,1306,1472
"전라북도","경상남도",211,190,149,2291,2342,2216,2171,2316,2329,2045,2109,2000,1909,1825,1841
"전라북도","제주특별자치도",110,103,49,558,608,635,725,824,1060,1117,1114,1131,1039,1079,898
"전라남도","전국",21251,19798,14988,275661,266461,244080,246635,260874,246168,237337,230551,232414,233271,248770,228106
"전라남도","서울특별시",1480,1208,785,17766,16298,15818,14595,14607,13884,14568,13665,13915,13894,14082,12125
"전라남도","부산광역시",406,251,177,3184,3201,3226,3148,3278,3308,3279,3184,3077,3124,3276,2959
"전라남도","대구광역시",123,125,57,825,838,876,986,921,873,959,905,1021,878,996,869
"전라남도","인천광역시",339,304,193,4189,3966,3819,3482,3557,3496,3537,3466,3509,3435,3538,3219
"전라남도","광주광역시",2931,2771,1930,43153,40669,36882,35498,38942,37578,34507,33884,37201,37142,35936,33287
"전라남도","대전광역시",236,163,139,1977,2149,2109,1833,2026,2019,2005,2000,2027,2053,1977,1947
"전라남도","울산광역시",80,87,71,977,1117,1031,1073,1041,1158,977,889,877,964,939,829
"전라남도","세종특별자치시",104,59,48,-,-,267,262,402,699,641,717,871,825,821,745
"전라남도","경기도",1346,1144,950,19701,17645,17420,15650,15658,15749,16012,15149,16170,15942,16164,14973
"전라남도","강원도",139,126,86,1773,1562,1485,1505,1533,1601,1519,1478,1383,1469,1576,1514
"전라남도","충청북도",157,167,126,1345,1411,1317,1200,1336,1442,1472,1480,1524,1499,1629,1495
"전라남도","충청남도",344,315,260,3928,3892,3356,3449,3090,3389,3381,3523,3511,3393,3466,3475
"전라남도","전라북도",555,468,321,6097,6266,5800,5511,5584,5551,5970,5893,5587,5448,5884,5387
"전라남도","전라남도",12284,12011,9398,163343,159553,143423,151466,161491,147703,140958,137172,134973,136414,151213,138571
"전라남도","경상북도",174,144,121,1913,1983,1762,1769,1824,1826,1795,1745,1652,1632,1782,1834
"전라남도","경상남도",425,356,256,4461,4950,4427,4160,4410,4551,4357,3977,3826,3932,4222,3729
"전라남도","제주특별자치도",128,99,70,1029,961,1062,1048,1174,1341,1400,1424,1290,1227,1269,1148
"경상북도","전국",30343,28087,21461,358127,358695,340222,330983,338029,345307,318803,316642,318671,311082,334679,314529
"경상북도","서울특별시",2046,1671,1067,18395,17319,17694,16561,16796,16478,16087,15681,16459,16887,17936,16098
"경상북도","부산광역시",1270,893,639,9135,9091,9519,9209,10514,10473,9284,8896,8589,9030,9854,9254
"경상북도","대구광역시",4188,4572,2913,46132,44089,43587,42776,47044,43828,39505,39231,40245,38513,44383,38560
"경상북도","인천광역시",347,408,235,4320,4171,4043,3773,3938,3773,3557,3488,3662,3665,3822,3569
"경상북도","광주광역시",113,87,52,830,768,793,772,847,920,731,784,841,780,812,780
"경상북도","대전광역시",456,368,231,3474,3690,3641,3433,3419,3508,3543,3473,3511,3490,3839,3792
"경상북도","울산광역시",745,610,460,8024,8086,8242,7685,8281,8642,6907,6386,6160,6742,6886,6631
"경상북도","세종특별자치시",164,109,91,-,-,347,353,602,977,829,1008,1117,1140,1219,1087
"경상북도","경기도",2161,1810,1386,23319,21565,21521,19815,19128,20107,19698,19731,20957,20502,23122,22094
"경상북도","강원도",398,301,257,3807,3825,3913,3943,3903,4069,3815,3474,3420,3493,3692,3641
"경상북도","충청북도",477,396,330,4290,4129,4191,3927,4112,4225,4141,4044,4407,4166,4723,4483
"경상북도","충청남도",418,378,282,4880,4750,4988,4464,4567,4511,3969,4246,4256,3973,4413,4195
"경상북도","전라북도",170,127,108,1499,1474,1505,1455,1411,1570,1396,1390,1289,1383,1498,1446
"경상북도","전라남도",180,149,133,1755,1792,1796,1605,1830,1797,1785,1688,1695,1874,1898,1694
"경상북도","경상북도",16174,15294,12580,217642,223534,204248,201206,201259,209109,193354,193235,192155,185699,196478,187410
"경상북도","경상남도",908,788,595,9838,9623,9355,9092,9413,10089,8826,8530,8377,8415,8727,8508
"경상북도","제주특별자치도",128,126,102,787,789,839,914,965,1231,1376,1357,1531,1330,1377,1287
"경상남도","전국",41055,33843,28710,478709,469223,417328,423864,456164,450279,410180,409200,395524,405561,419997,388485
"경상남도","서울특별시",2536,1916,1203,18680,18329,18230,16841,17144,16781,17169,17312,17872,18326,18612,17299
"경상남도","부산광역시",5931,4028,3130,49798,51166,46996,46232,50672,51578,46877,47218,42235,44084,50590,48583
"경상남도","대구광역시",989,1236,606,9344,8888,8758,8643,8485,8659,9028,8646,8601,8107,9310,8260
"경상남도","인천광역시",346,312,242,3450,3297,3628,3353,3266,3464,3267,3390,3279,3471,3408,3318
"경상남도","광주광역시",176,87,93,1550,1452,1533,1372,1414,1455,1320,1344,1496,1157,1365,1426
"경상남도","대전광역시",348,262,191,2953,3038,2823,2843,2577,2613,2788,2650,2720,2598,2804,2877
"경상남도","울산광역시",759,587,511,8441,8749,8694,8829,8976,8526,7571,6977,6734,6987,6812,6646
"경상남도","세종특별자치시",167,71,56,-,-,342,284,601,962,882,1034,1149,978,977,993
"경상남도","경기도",2017,1673,1291,19323,17850,17722,16232,16298,16945,16574,17134,18377,18020,19216,19428
"경상남도","강원도",289,264,174,2987,2942,2902,2700,2549,2708,2687,2475,2353,2471,2693,2725
"경상남도","충청북도",322,262,227,2407,2327,2187,2073,2353,2464,2570,2219,2642,2634,2605,2653
"경상남도","충청남도",515,355,275,4432,4322,3913,3584,3664,3671,3736,4501,4254,3917,4087,4289
"경상남도","전라북도",213,218,175,2633,2636,2225,2219,2273,2148,2196,2121,2059,2017,2133,2258
"경상남도","전라남도",421,368,364,4931,5203,4695,4437,4679,4742,4610,4451,4451,4632,4810,4460
"경상남도","경상북도",1125,1032,635,11079,10982,10178,9718,9540,10003,9257,9320,9014,9213,9085,9860
"경상남도","경상남도",24625,20997,19377,335387,326746,281109,293031,319925,311708,277204,275875,265997,274748,279310,251272
"경상남도","제주특별자치도",276,175,160,1314,1296,1393,1473,1748,1852,2444,2533,2291,2201,2180,2138
"제주특별자치도","전국",10199,8290,6354,76787,80365,74625,81028,81396,83323,92193,91022,95349,92030,94736,91062
"제주특별자치도","서울특별시",1235,917,580,5632,5268,5612,5410,5739,6351,6634,7209,7720,8513,8704,8498
"제주특별자치도","부산광역시",337,227,163,1707,1639,1525,1576,1742,1773,1853,2029,1980,2211,2532,2367
"제주특별자치도","대구광역시",141,111,98,609,548,624,620,631,734,823,1003,1032,1006,1082,1127
"제주특별자치도","인천광역시",189,213,143,1077,1053,1104,1167,1222,1287,1414,1552,1738,1946,1764,1825
"제주특별자치도","광주광역시",160,72,64,801,725,765,767,668,793,741,898,926,910,1016,905
"제주특별자치도","대전광역시",105,56,68,522,439,462,480,570,603,631,688,689,723,719,773
"제주특별자치도","울산광역시",64,47,42,380,337,397,356,392,441,430,403,470,565,534,499
"제주특별자치도","세종특별자치시",47,29,12,-,-,58,74,134,188,210,255,333,322,308,360
"제주특별자치도","경기도",947,712,530,5022,4990,4655,4775,5291,5845,6520,6931,7779,7884,8298,8425
"제주특별자치도","강원도",95,92,67,542,516,520,511,543,607,694,693,802,784,877,816
"제주특별자치도","충청북도",93,82,54,478,518,484,433,546,621,726,754,783,839,846,871
"제주특별자치도","충청남도",124,95,97,774,776,696,676,757,896,834,967,1002,1131,1143,1199
"제주특별자치도","전라북도",122,84,72,672,561,551,516,609,683,733,768,902,1032,1007,986
"제주특별자치도","전라남도",130,120,85,1002,1026,966,1001,928,1062,1127,1102,1254,1302,1466,1326
"제주특별자치도","경상북도",173,118,94,738,756,699,781,728,903,931,994,1146,1229,1181,1261
"제주특별자치도","경상남도",249,161,126,1324,1367,1227,1278,1223,1500,1448,1501,1780,1825,1861,1947
"제주특별자치도","제주특별자치도",5988,5154,4059,55507,59846,54280,60607,59673,59036,66444,63275,65013,59808,61398,57877
